[
  {
    "model": "auth.group",
    "fields": {
      "name": "Viewers",
      "permissions": [
        ["view_approvalworkflow", "core", "approvalworkflow"],
        ["view_auditlog", "core", "auditlog"],
        ["view_document", "core", "document"],
        ["view_documentchunk", "core", "documentchunk"],
        ["view_documentview", "core", "documentview"],
        ["view_drillhole", "core", "drillhole"],
        ["view_organisation", "core", "organisation"],
        ["view_process", "core", "process"],
        ["view_prospect", "core", "prospect"],
        ["view_tenement", "core", "tenement"],
        ["view_userprofile", "core", "userprofile"]
      ]
    }
  },
  {
    "model": "auth.group",
    "fields": {
      "name": "Editors",
      "permissions": [
        ["add_approvalworkflow", "core", "approvalworkflow"],
        ["change_approvalworkflow", "core", "approvalworkflow"],
        ["view_approvalworkflow", "core", "approvalworkflow"],
        ["add_auditlog", "core", "auditlog"],
        ["change_auditlog", "core", "auditlog"],
        ["view_auditlog", "core", "auditlog"],
        ["add_document", "core", "document"],
        ["change_document", "core", "document"],
        ["view_document", "core", "document"],
        ["add_documentchunk", "core", "documentchunk"],
        ["change_documentchunk", "core", "documentchunk"],
        ["view_documentchunk", "core", "documentchunk"],
        ["add_documentview", "core", "documentview"],
        ["change_documentview", "core", "documentview"],
        ["view_documentview", "core", "documentview"],
        ["add_drillhole", "core", "drillhole"],
        ["change_drillhole", "core", "drillhole"],
        ["view_drillhole", "core", "drillhole"],
        ["add_organisation", "core", "organisation"],
        ["change_organisation", "core", "organisation"],
        ["view_organisation", "core", "organisation"],
        ["add_process", "core", "process"],
        ["change_process", "core", "process"],
        ["view_process", "core", "process"],
        ["add_prospect", "core", "prospect"],
        ["change_prospect", "core", "prospect"],
        ["view_prospect", "core", "prospect"],
        ["add_tenement", "core", "tenement"],
        ["change_tenement", "core", "tenement"],
        ["view_tenement", "core", "tenement"],
        ["add_userprofile", "core", "userprofile"],
        ["change_userprofile", "core", "userprofile"],
        ["view_userprofile", "core", "userprofile"]
      ]
    }
  },
  {
    "model": "auth.group",
    "fields": {
      "name": "Managers",
      "permissions": [
        ["add_approvalworkflow", "core", "approvalworkflow"],
        ["change_approvalworkflow", "core", "approvalworkflow"],
        ["delete_approvalworkflow", "core", "approvalworkflow"],
        ["view_approvalworkflow", "core", "approvalworkflow"],
        ["add_auditlog", "core", "auditlog"],
        ["change_auditlog", "core", "auditlog"],
        ["delete_auditlog", "core", "auditlog"],
        ["view_auditlog", "core", "auditlog"],
        ["add_document", "core", "document"],
        ["change_document", "core", "document"],
        ["delete_document", "core", "document"],
        ["view_document", "core", "document"],
        ["add_documentchunk", "core", "documentchunk"],
        ["change_documentchunk", "core", "documentchunk"],
        ["delete_documentchunk", "core", "documentchunk"],
        ["view_documentchunk", "core", "documentchunk"],
        ["add_documentview", "core", "documentview"],
        ["change_documentview", "core", "documentview"],
        ["delete_documentview", "core", "documentview"],
        ["view_documentview", "core", "documentview"],
        ["add_drillhole", "core", "drillhole"],
        ["change_drillhole", "core", "drillhole"],
        ["delete_drillhole", "core", "drillhole"],
        ["view_drillhole", "core", "drillhole"],
        ["add_organisation", "core", "organisation"],
        ["change_organisation", "core", "organisation"],
        ["delete_organisation", "core", "organisation"],
        ["view_organisation", "core", "organisation"],
        ["add_process", "core", "process"],
        ["change_process", "core", "process"],
        ["delete_process", "core", "process"],
        ["view_process", "core", "process"],
        ["add_prospect", "core", "prospect"],
        ["change_prospect", "core", "prospect"],
        ["delete_prospect", "core", "prospect"],
        ["view_prospect", "core", "prospect"],
        ["add_tenement", "core", "tenement"],
        ["change_tenement", "core", "tenement"],
        ["delete_tenement", "core", "tenement"],
        ["view_tenement", "core", "tenement"],
        ["add_userprofile", "core", "userprofile"],
        ["change_userprofile", "core", "userprofile"],
        ["delete_userprofile", "core", "userprofile"],
        ["view_userprofile", "core", "userprofile"]
      ]
    }
  },
  {
    "model": "auth.user",
    "fields": {
      "password": "pbkdf2_sha256$1000000$o22gQmFtwVhWWrwe3g7PYA$+1plMlopf3imBV6tKkzukadJYqr6/uPOtsX17TN8Xqs=",
      "last_login": null,
      "is_superuser": true,
      "username": "admin",
      "first_name": "Admin",
      "last_name": "User",
      "email": "admin@example.com",
      "is_staff": true,
      "is_active": true,
      "date_joined": "2026-03-16T10:50:55.286Z",
      "groups": [],
      "user_permissions": []
    }
  },
  {
    "model": "auth.user",
    "fields": {
      "password": "pbkdf2_sha256$1000000$du40FyAn9MXcd35tafCizN$ie1brNjPw4w1d6WlGLSQgWhg97nqLv88RGc7eVmFKjo=",
      "last_login": null,
      "is_superuser": false,
      "username": "tyler.giles.5335",
      "first_name": "Tyler",
      "last_name": "Giles",
      "email": "tyler.giles.5335@yahoo.com",
      "is_staff": true,
      "is_active": true,
      "date_joined": "2026-03-16T10:50:55.402Z",
      "groups": [["Managers"]],
      "user_permissions": []
    }
  },
  {
    "model": "auth.user",
    "fields": {
      "password": "pbkdf2_sha256$1000000$FQLG0wFgkexX7W6dzBhrke$wXvHQuiewrCGG54W8NJ5KTQRuU/v+e7PuG40uTHUZ/I=",
      "last_login": null,
      "is_superuser": false,
      "username": "bonnie.roman.4847",
      "first_name": "Bonnie",
      "last_name": "Roman",
      "email": "bonnie.roman.4847@yahoo.com",
      "is_staff": false,
      "is_active": true,
      "date_joined": "2026-03-16T10:50:55.513Z",
      "groups": [["Editors"]],
      "user_permissions": []
    }
  },
  {
    "model": "auth.user",
    "fields": {
      "password": "pbkdf2_sha256$1000000$aSO6r0l9Y4h6S2GNZwt6q4$VvVgn6hh18qTV554CrhhTQzFySCQUEvW6KefbSIPOc0=",
      "last_login": null,
      "is_superuser": false,
      "username": "steven.fernandez.2098",
      "first_name": "Steven",
      "last_name": "Fernandez",
      "email": "steven.fernandez.2098@yahoo.com",
      "is_staff": false,
      "is_active": true,
      "date_joined": "2026-03-16T10:50:55.624Z",
      "groups": [["Editors"]],
      "user_permissions": []
    }
  },
  {
    "model": "auth.user",
    "fields": {
      "password": "pbkdf2_sha256$1000000$BChq79ET7bvSoBugcuHjlG$6+P9JlIISoqnw/ijb6UGdrCQMX62zs0Y5v5Zw0frJII=",
      "last_login": null,
      "is_superuser": false,
      "username": "gabriel.moreno.180",
      "first_name": "Gabriel",
      "last_name": "Moreno",
      "email": "gabriel.moreno.180@gmail.com",
      "is_staff": false,
      "is_active": true,
      "date_joined": "2026-03-16T10:50:55.734Z",
      "groups": [["Viewers"]],
      "user_permissions": []
    }
  },
  {
    "model": "auth.user",
    "fields": {
      "password": "pbkdf2_sha256$1000000$xjFnypXxI3eYRYobtqAvgo$h6nGJbY9j9E1nVoU3Jzm6TW6IXX54M/cL2civdigDAQ=",
      "last_login": null,
      "is_superuser": false,
      "username": "daniel.richards.3149",
      "first_name": "Daniel",
      "last_name": "Richards",
      "email": "daniel.richards.3149@yahoo.com",
      "is_staff": true,
      "is_active": true,
      "date_joined": "2026-03-16T10:50:55.845Z",
      "groups": [["Managers"]],
      "user_permissions": []
    }
  },
  {
    "model": "auth.user",
    "fields": {
      "password": "pbkdf2_sha256$1000000$IcQ1fqGYpWuplEpfhS5GtM$IYrHZuokZU/pKBFd6n/VHmbJ2AMZhfVWIRBVz5J1AO4=",
      "last_login": null,
      "is_superuser": false,
      "username": "joshua.shaw.1656",
      "first_name": "Joshua",
      "last_name": "Shaw",
      "email": "joshua.shaw.1656@yahoo.com",
      "is_staff": false,
      "is_active": true,
      "date_joined": "2026-03-16T10:50:55.957Z",
      "groups": [["Editors"]],
      "user_permissions": []
    }
  },
  {
    "model": "auth.user",
    "fields": {
      "password": "pbkdf2_sha256$1000000$AInh8zHfmtP7eDncb57CSN$J3rj5EW7/Of8evWPhkMI3SmqKiWa5XpfQtVyz/xKaBs=",
      "last_login": null,
      "is_superuser": false,
      "username": "john.owens.4515",
      "first_name": "John",
      "last_name": "Owens",
      "email": "john.owens.4515@gmail.com",
      "is_staff": false,
      "is_active": true,
      "date_joined": "2026-03-16T10:50:56.068Z",
      "groups": [["Editors"]],
      "user_permissions": []
    }
  },
  {
    "model": "auth.user",
    "fields": {
      "password": "pbkdf2_sha256$1000000$L7R6lcApxwTqtJxMaGaygJ$Wn2bJt+NqPeFmoKduO0LeFtYiK9EC79rrzL3kvpQHQ4=",
      "last_login": null,
      "is_superuser": false,
      "username": "mary.waters.6532",
      "first_name": "Mary",
      "last_name": "Waters",
      "email": "mary.waters.6532@yahoo.com",
      "is_staff": false,
      "is_active": true,
      "date_joined": "2026-03-16T10:50:56.179Z",
      "groups": [["Viewers"]],
      "user_permissions": []
    }
  },
  {
    "model": "auth.user",
    "fields": {
      "password": "pbkdf2_sha256$1000000$qmwoadzq3OIQfIofZFe1qZ$I0vNl2HiulcwsDaAvE9FwoH5HTFn+34p+yfmucMNipQ=",
      "last_login": null,
      "is_superuser": false,
      "username": "gary.miller.5559",
      "first_name": "Gary",
      "last_name": "Miller",
      "email": "gary.miller.5559@yahoo.com",
      "is_staff": true,
      "is_active": true,
      "date_joined": "2026-03-16T10:50:56.291Z",
      "groups": [["Managers"]],
      "user_permissions": []
    }
  },
  {
    "model": "auth.user",
    "fields": {
      "password": "pbkdf2_sha256$1000000$D9wrBprexxFAgzQxkVqu4y$u/9IDo3Ax4BKhqgJmRA1RLjYG6el5rbrSU+6XTq1Oac=",
      "last_login": null,
      "is_superuser": false,
      "username": "daniel.ortega.2101",
      "first_name": "Daniel",
      "last_name": "Ortega",
      "email": "daniel.ortega.2101@gmail.com",
      "is_staff": false,
      "is_active": true,
      "date_joined": "2026-03-16T10:50:56.402Z",
      "groups": [["Editors"]],
      "user_permissions": []
    }
  },
  {
    "model": "auth.user",
    "fields": {
      "password": "pbkdf2_sha256$1000000$tcJWEdJIOsCUgiwy0i0kB1$rGCtM0GMvy9/xQ5pS8+lwI49XDIxirPpmBRAGSLgAeE=",
      "last_login": null,
      "is_superuser": false,
      "username": "kimberly.reyes.3256",
      "first_name": "Kimberly",
      "last_name": "Reyes",
      "email": "kimberly.reyes.3256@yahoo.com",
      "is_staff": false,
      "is_active": true,
      "date_joined": "2026-03-16T10:50:56.515Z",
      "groups": [["Editors"]],
      "user_permissions": []
    }
  },
  {
    "model": "auth.user",
    "fields": {
      "password": "pbkdf2_sha256$1000000$5oBEtAmgiPOwSof5TMBWV0$ipkbev7VSoCyy3/rP1WsVmQilM2cY+acZh4jtuRedV8=",
      "last_login": null,
      "is_superuser": false,
      "username": "yvonne.young.2221",
      "first_name": "Yvonne",
      "last_name": "Young",
      "email": "yvonne.young.2221@gmail.com",
      "is_staff": false,
      "is_active": true,
      "date_joined": "2026-03-16T10:50:56.626Z",
      "groups": [["Viewers"]],
      "user_permissions": []
    }
  },
  {
    "model": "core.organisation",
    "pk": "466847ce-c886-48e2-8de6-acfc93ac5d49",
    "fields": {
      "name": "Gallagher-Mckenzie",
      "mode": "MINING",
      "created_at": "2026-03-16T10:50:55.284Z",
      "updated_at": "2026-03-16T10:50:55.284Z"
    }
  },
  {
    "model": "core.organisation",
    "pk": "9b2c2df7-0604-49ce-9826-a3ef596cb94a",
    "fields": {
      "name": "Ponce-Hays",
      "mode": "EXPLORATION",
      "created_at": "2026-03-16T10:50:55.285Z",
      "updated_at": "2026-03-16T10:50:55.285Z"
    }
  },
  {
    "model": "core.organisation",
    "pk": "ea254060-2595-48c5-b3c6-a4c8fe334ee9",
    "fields": {
      "name": "Wright-Sanders",
      "mode": "EXPLORATION",
      "created_at": "2026-03-16T10:50:55.282Z",
      "updated_at": "2026-03-16T10:50:55.282Z"
    }
  },
  {
    "model": "core.process",
    "pk": "2adf3525-e80b-46e9-a6a4-20b0adbd75ee",
    "fields": {
      "name": "East Alexander Prospect",
      "organisation": "9b2c2df7-0604-49ce-9826-a3ef596cb94a",
      "mode": "OPERATION",
      "geom": "SRID=4326;MULTIPOLYGON (((119.89377581548547 -23.387307757918446, 119.99377581548546 -23.387307757918446, 119.99377581548546 -23.287307757918445, 119.89377581548547 -23.287307757918445, 119.89377581548547 -23.387307757918446)))",
      "commodity": "Copper",
      "created_at": "2026-03-16T10:50:56.756Z",
      "updated_at": "2026-03-16T10:50:56.756Z"
    }
  },
  {
    "model": "core.process",
    "pk": "408ed65a-af72-432a-88f0-40a609ac1099",
    "fields": {
      "name": "Howellfurt Project",
      "organisation": "466847ce-c886-48e2-8de6-acfc93ac5d49",
      "mode": "OPERATION",
      "geom": "SRID=4326;MULTIPOLYGON (((123.75979474903117 -28.449501804206463, 123.85979474903117 -28.449501804206463, 123.85979474903117 -28.34950180420646, 123.75979474903117 -28.34950180420646, 123.75979474903117 -28.449501804206463)))",
      "commodity": "Nickel",
      "created_at": "2026-03-16T10:50:56.751Z",
      "updated_at": "2026-03-16T10:50:56.751Z"
    }
  },
  {
    "model": "core.process",
    "pk": "51469fa6-4c00-4c48-937e-0a449dfff7a4",
    "fields": {
      "name": "North Richardview Mine",
      "organisation": "9b2c2df7-0604-49ce-9826-a3ef596cb94a",
      "mode": "PROJECT",
      "geom": "SRID=4326;MULTIPOLYGON (((145.43396998602458 -24.3496412923128, 145.5339699860246 -24.3496412923128, 145.5339699860246 -24.2496412923128, 145.43396998602458 -24.2496412923128, 145.43396998602458 -24.3496412923128)))",
      "commodity": "Copper",
      "created_at": "2026-03-16T10:50:56.758Z",
      "updated_at": "2026-03-16T10:50:56.758Z"
    }
  },
  {
    "model": "core.process",
    "pk": "63b0a3a1-057b-4415-b3f8-22a0c3ae789f",
    "fields": {
      "name": "Michaelland Prospect",
      "organisation": "ea254060-2595-48c5-b3c6-a4c8fe334ee9",
      "mode": "PROJECT",
      "geom": "SRID=4326;MULTIPOLYGON (((120.20036349737316 -33.74196055291673, 120.30036349737316 -33.74196055291673, 120.30036349737316 -33.641960552916736, 120.20036349737316 -33.641960552916736, 120.20036349737316 -33.74196055291673)))",
      "commodity": "Copper",
      "created_at": "2026-03-16T10:50:56.747Z",
      "updated_at": "2026-03-16T10:50:56.747Z"
    }
  },
  {
    "model": "core.process",
    "pk": "77a88bf3-036e-464d-ad05-83746cc29594",
    "fields": {
      "name": "Tapiachester Project",
      "organisation": "9b2c2df7-0604-49ce-9826-a3ef596cb94a",
      "mode": "OPERATION",
      "geom": "SRID=4326;MULTIPOLYGON (((144.0611512402589 -25.2519732994464, 144.16115124025893 -25.2519732994464, 144.16115124025893 -25.1519732994464, 144.0611512402589 -25.1519732994464, 144.0611512402589 -25.2519732994464)))",
      "commodity": "Lithium",
      "created_at": "2026-03-16T10:50:56.754Z",
      "updated_at": "2026-03-16T10:50:56.754Z"
    }
  },
  {
    "model": "core.process",
    "pk": "99eda418-9903-4eeb-babe-6c8c63f20012",
    "fields": {
      "name": "South Adrianhaven Prospect",
      "organisation": "ea254060-2595-48c5-b3c6-a4c8fe334ee9",
      "mode": "OPERATION",
      "geom": "SRID=4326;MULTIPOLYGON (((137.37836647252286 -24.436605405421776, 137.47836647252288 -24.436605405421776, 137.47836647252288 -24.336605405421775, 137.37836647252286 -24.336605405421775, 137.37836647252286 -24.436605405421776)))",
      "commodity": "Iron Ore",
      "created_at": "2026-03-16T10:50:56.745Z",
      "updated_at": "2026-03-16T10:50:56.745Z"
    }
  },
  {
    "model": "core.process",
    "pk": "9fea5e32-a532-496a-8191-0937514485c7",
    "fields": {
      "name": "Marquezview Mine",
      "organisation": "466847ce-c886-48e2-8de6-acfc93ac5d49",
      "mode": "OPERATION",
      "geom": "SRID=4326;MULTIPOLYGON (((131.1217877484869 -26.985909608854943, 131.22178774848692 -26.985909608854943, 131.22178774848692 -26.88590960885494, 131.1217877484869 -26.88590960885494, 131.1217877484869 -26.985909608854943)))",
      "commodity": "Gold",
      "created_at": "2026-03-16T10:50:56.749Z",
      "updated_at": "2026-03-16T10:50:56.749Z"
    }
  },
  {
    "model": "core.process",
    "pk": "c71ca4d2-db4f-4ca6-bad0-660bdaff6bb4",
    "fields": {
      "name": "North Justintown Prospect",
      "organisation": "466847ce-c886-48e2-8de6-acfc93ac5d49",
      "mode": "PROJECT",
      "geom": "SRID=4326;MULTIPOLYGON (((118.07341740216977 -19.03956117009296, 118.17341740216976 -19.03956117009296, 118.17341740216976 -18.939561170092958, 118.07341740216977 -18.939561170092958, 118.07341740216977 -19.03956117009296)))",
      "commodity": "Coal",
      "created_at": "2026-03-16T10:50:56.753Z",
      "updated_at": "2026-03-16T10:50:56.753Z"
    }
  },
  {
    "model": "core.process",
    "pk": "d3b3d213-0f6a-482a-88c7-ec7301eb352a",
    "fields": {
      "name": "Port Brian Prospect",
      "organisation": "ea254060-2595-48c5-b3c6-a4c8fe334ee9",
      "mode": "OPERATION",
      "geom": "SRID=4326;MULTIPOLYGON (((125.00267100101944 -34.16709994849202, 125.10267100101943 -34.16709994849202, 125.10267100101943 -34.06709994849203, 125.00267100101944 -34.06709994849203, 125.00267100101944 -34.16709994849202)))",
      "commodity": "Lithium",
      "created_at": "2026-03-16T10:50:56.740Z",
      "updated_at": "2026-03-16T10:50:56.740Z"
    }
  },
  {
    "model": "core.drillhole",
    "pk": "07d25e92-fd62-4eff-97fa-6527015bbfd9",
    "fields": {
      "name": "DH-NORTHJU-002",
      "organisation": "466847ce-c886-48e2-8de6-acfc93ac5d49",
      "process": "c71ca4d2-db4f-4ca6-bad0-660bdaff6bb4",
      "collar_location": "SRID=4326;POINT (136.34638260809226 -20.076313143053387)",
      "depth": 228.22,
      "azimuth": 56.05,
      "dip": -69.95,
      "created_at": "2026-03-16T10:50:56.778Z",
      "updated_at": "2026-03-16T10:50:56.778Z"
    }
  },
  {
    "model": "core.drillhole",
    "pk": "0dad2cc7-fee2-4d07-a0bc-3e5a4df9490d",
    "fields": {
      "name": "DH-PORTBRI-001",
      "organisation": "ea254060-2595-48c5-b3c6-a4c8fe334ee9",
      "process": "d3b3d213-0f6a-482a-88c7-ec7301eb352a",
      "collar_location": "SRID=4326;POINT (142.05121617356366 -18.77081437758923)",
      "depth": 247.67,
      "azimuth": 89.8,
      "dip": -81.15,
      "created_at": "2026-03-16T10:50:56.759Z",
      "updated_at": "2026-03-16T10:50:56.759Z"
    }
  },
  {
    "model": "core.drillhole",
    "pk": "17e8cf75-691c-480f-ad1a-37af36a74444",
    "fields": {
      "name": "DH-MICHAELL-003",
      "organisation": "ea254060-2595-48c5-b3c6-a4c8fe334ee9",
      "process": "63b0a3a1-057b-4415-b3f8-22a0c3ae789f",
      "collar_location": "SRID=4326;POINT (121.95613929527907 -26.673377529535465)",
      "depth": 292.68,
      "azimuth": 241.96,
      "dip": -58.61,
      "created_at": "2026-03-16T10:50:56.768Z",
      "updated_at": "2026-03-16T10:50:56.768Z"
    }
  },
  {
    "model": "core.drillhole",
    "pk": "262e5d85-505d-4291-bb7c-d9519f337abb",
    "fields": {
      "name": "DH-MICHAELL-002",
      "organisation": "ea254060-2595-48c5-b3c6-a4c8fe334ee9",
      "process": "63b0a3a1-057b-4415-b3f8-22a0c3ae789f",
      "collar_location": "SRID=4326;POINT (125.63619399010761 -19.6123094991799)",
      "depth": 748.02,
      "azimuth": 308.47,
      "dip": -81.16,
      "created_at": "2026-03-16T10:50:56.767Z",
      "updated_at": "2026-03-16T10:50:56.767Z"
    }
  },
  {
    "model": "core.drillhole",
    "pk": "299916c4-b3d6-495c-89a8-61a2ad872765",
    "fields": {
      "name": "DH-EASTALE-004",
      "organisation": "9b2c2df7-0604-49ce-9826-a3ef596cb94a",
      "process": "2adf3525-e80b-46e9-a6a4-20b0adbd75ee",
      "collar_location": "SRID=4326;POINT (148.22973376957634 -20.27495931216762)",
      "depth": 346.68,
      "azimuth": 41.6,
      "dip": -54.45,
      "created_at": "2026-03-16T10:50:56.787Z",
      "updated_at": "2026-03-16T10:50:56.787Z"
    }
  },
  {
    "model": "core.drillhole",
    "pk": "2d34e22c-f413-4326-8750-feba8bbb6d5f",
    "fields": {
      "name": "DH-MARQUEZV-002",
      "organisation": "466847ce-c886-48e2-8de6-acfc93ac5d49",
      "process": "9fea5e32-a532-496a-8191-0937514485c7",
      "collar_location": "SRID=4326;POINT (128.91381144202177 -21.768178098701956)",
      "depth": 183.52,
      "azimuth": 121.62,
      "dip": -39.48,
      "created_at": "2026-03-16T10:50:56.771Z",
      "updated_at": "2026-03-16T10:50:56.771Z"
    }
  },
  {
    "model": "core.drillhole",
    "pk": "2dbe68d7-4777-446a-8416-74a68cff4cba",
    "fields": {
      "name": "DH-NORTHRI-003",
      "organisation": "9b2c2df7-0604-49ce-9826-a3ef596cb94a",
      "process": "51469fa6-4c00-4c48-937e-0a449dfff7a4",
      "collar_location": "SRID=4326;POINT (121.45493660356662 -24.969264113769334)",
      "depth": 539.49,
      "azimuth": 254.29,
      "dip": -53.25,
      "created_at": "2026-03-16T10:50:56.790Z",
      "updated_at": "2026-03-16T10:50:56.790Z"
    }
  },
  {
    "model": "core.drillhole",
    "pk": "2eb7186e-ece6-42fb-bde3-76f633a95222",
    "fields": {
      "name": "DH-SOUTHAD-004",
      "organisation": "ea254060-2595-48c5-b3c6-a4c8fe334ee9",
      "process": "99eda418-9903-4eeb-babe-6c8c63f20012",
      "collar_location": "SRID=4326;POINT (128.55332453739112 -30.13286845653872)",
      "depth": 781.49,
      "azimuth": 296.69,
      "dip": -55.22,
      "created_at": "2026-03-16T10:50:56.766Z",
      "updated_at": "2026-03-16T10:50:56.766Z"
    }
  },
  {
    "model": "core.drillhole",
    "pk": "3197cd56-5fec-4d35-a8ea-a5844562d84e",
    "fields": {
      "name": "DH-SOUTHAD-001",
      "organisation": "ea254060-2595-48c5-b3c6-a4c8fe334ee9",
      "process": "99eda418-9903-4eeb-babe-6c8c63f20012",
      "collar_location": "SRID=4326;POINT (125.73480235505716 -18.866303078493612)",
      "depth": 530.79,
      "azimuth": 195.46,
      "dip": -12.41,
      "created_at": "2026-03-16T10:50:56.763Z",
      "updated_at": "2026-03-16T10:50:56.763Z"
    }
  },
  {
    "model": "core.drillhole",
    "pk": "36ad595a-b7f1-42cf-8dc5-24aa4a6ef93d",
    "fields": {
      "name": "DH-TAPIACHE-004",
      "organisation": "9b2c2df7-0604-49ce-9826-a3ef596cb94a",
      "process": "77a88bf3-036e-464d-ad05-83746cc29594",
      "collar_location": "SRID=4326;POINT (148.03683349616088 -26.293576544581846)",
      "depth": 677.59,
      "azimuth": 280.63,
      "dip": -87.13,
      "created_at": "2026-03-16T10:50:56.783Z",
      "updated_at": "2026-03-16T10:50:56.783Z"
    }
  },
  {
    "model": "core.drillhole",
    "pk": "4b293b39-5bf5-4b28-9393-7e71a77a3c89",
    "fields": {
      "name": "DH-HOWELLFU-001",
      "organisation": "466847ce-c886-48e2-8de6-acfc93ac5d49",
      "process": "408ed65a-af72-432a-88f0-40a609ac1099",
      "collar_location": "SRID=4326;POINT (135.17227694328616 -19.529752602519714)",
      "depth": 71.45,
      "azimuth": 57.28,
      "dip": -42.71,
      "created_at": "2026-03-16T10:50:56.774Z",
      "updated_at": "2026-03-16T10:50:56.774Z"
    }
  },
  {
    "model": "core.drillhole",
    "pk": "5a28d029-e592-49c6-8763-975f8830291e",
    "fields": {
      "name": "DH-PORTBRI-002",
      "organisation": "ea254060-2595-48c5-b3c6-a4c8fe334ee9",
      "process": "d3b3d213-0f6a-482a-88c7-ec7301eb352a",
      "collar_location": "SRID=4326;POINT (116.80330552209013 -34.94494471338834)",
      "depth": 696.06,
      "azimuth": 354.98,
      "dip": -8.44,
      "created_at": "2026-03-16T10:50:56.760Z",
      "updated_at": "2026-03-16T10:50:56.760Z"
    }
  },
  {
    "model": "core.drillhole",
    "pk": "6b3de08d-ad5d-4d3d-8d80-3484261a5930",
    "fields": {
      "name": "DH-MICHAELL-004",
      "organisation": "ea254060-2595-48c5-b3c6-a4c8fe334ee9",
      "process": "63b0a3a1-057b-4415-b3f8-22a0c3ae789f",
      "collar_location": "SRID=4326;POINT (130.9280653344678 -29.591077006919363)",
      "depth": 310.03,
      "azimuth": 288.18,
      "dip": -22.96,
      "created_at": "2026-03-16T10:50:56.769Z",
      "updated_at": "2026-03-16T10:50:56.769Z"
    }
  },
  {
    "model": "core.drillhole",
    "pk": "6c2011d6-7518-4c1d-85c3-40b1e5a8f46f",
    "fields": {
      "name": "DH-HOWELLFU-003",
      "organisation": "466847ce-c886-48e2-8de6-acfc93ac5d49",
      "process": "408ed65a-af72-432a-88f0-40a609ac1099",
      "collar_location": "SRID=4326;POINT (136.45927029072195 -19.27038878858267)",
      "depth": 58.53,
      "azimuth": 291.44,
      "dip": -79.37,
      "created_at": "2026-03-16T10:50:56.775Z",
      "updated_at": "2026-03-16T10:50:56.775Z"
    }
  },
  {
    "model": "core.drillhole",
    "pk": "6c352478-f7b9-41ba-9198-c71206aa5e5d",
    "fields": {
      "name": "DH-EASTALE-001",
      "organisation": "9b2c2df7-0604-49ce-9826-a3ef596cb94a",
      "process": "2adf3525-e80b-46e9-a6a4-20b0adbd75ee",
      "collar_location": "SRID=4326;POINT (141.6836599045966 -27.00240211002925)",
      "depth": 431.97,
      "azimuth": 156.52,
      "dip": -42.8,
      "created_at": "2026-03-16T10:50:56.784Z",
      "updated_at": "2026-03-16T10:50:56.784Z"
    }
  },
  {
    "model": "core.drillhole",
    "pk": "6fcec7ce-12e2-469b-95f7-6aed4daab2e8",
    "fields": {
      "name": "DH-NORTHJU-004",
      "organisation": "466847ce-c886-48e2-8de6-acfc93ac5d49",
      "process": "c71ca4d2-db4f-4ca6-bad0-660bdaff6bb4",
      "collar_location": "SRID=4326;POINT (149.53528333018778 -32.3532040984676)",
      "depth": 159.17,
      "azimuth": 200.82,
      "dip": -56.18,
      "created_at": "2026-03-16T10:50:56.780Z",
      "updated_at": "2026-03-16T10:50:56.780Z"
    }
  },
  {
    "model": "core.drillhole",
    "pk": "7b067dc5-4ad6-409f-b9dc-88aa3666367a",
    "fields": {
      "name": "DH-MICHAELL-001",
      "organisation": "ea254060-2595-48c5-b3c6-a4c8fe334ee9",
      "process": "63b0a3a1-057b-4415-b3f8-22a0c3ae789f",
      "collar_location": "SRID=4326;POINT (146.92393943584926 -25.35310385024365)",
      "depth": 249.29,
      "azimuth": 264.32,
      "dip": -71.87,
      "created_at": "2026-03-16T10:50:56.766Z",
      "updated_at": "2026-03-16T10:50:56.766Z"
    }
  },
  {
    "model": "core.drillhole",
    "pk": "8427140a-1e6a-484f-9184-adcc3ec51efb",
    "fields": {
      "name": "DH-HOWELLFU-002",
      "organisation": "466847ce-c886-48e2-8de6-acfc93ac5d49",
      "process": "408ed65a-af72-432a-88f0-40a609ac1099",
      "collar_location": "SRID=4326;POINT (133.41910066532935 -28.57421321412233)",
      "depth": 238.15,
      "azimuth": 164.46,
      "dip": -7.5,
      "created_at": "2026-03-16T10:50:56.774Z",
      "updated_at": "2026-03-16T10:50:56.774Z"
    }
  },
  {
    "model": "core.drillhole",
    "pk": "84334884-5441-4c2a-8d04-ff0ae9909524",
    "fields": {
      "name": "DH-EASTALE-002",
      "organisation": "9b2c2df7-0604-49ce-9826-a3ef596cb94a",
      "process": "2adf3525-e80b-46e9-a6a4-20b0adbd75ee",
      "collar_location": "SRID=4326;POINT (137.2337214313605 -23.56581047403894)",
      "depth": 78.07,
      "azimuth": 304.26,
      "dip": -53.34,
      "created_at": "2026-03-16T10:50:56.785Z",
      "updated_at": "2026-03-16T10:50:56.785Z"
    }
  },
  {
    "model": "core.drillhole",
    "pk": "867a913e-6a02-4d75-b282-b69960c1dee0",
    "fields": {
      "name": "DH-NORTHJU-001",
      "organisation": "466847ce-c886-48e2-8de6-acfc93ac5d49",
      "process": "c71ca4d2-db4f-4ca6-bad0-660bdaff6bb4",
      "collar_location": "SRID=4326;POINT (121.59509729156412 -31.974540357179734)",
      "depth": 632.89,
      "azimuth": 327.05,
      "dip": -45.2,
      "created_at": "2026-03-16T10:50:56.777Z",
      "updated_at": "2026-03-16T10:50:56.777Z"
    }
  },
  {
    "model": "core.drillhole",
    "pk": "87456c22-dceb-47eb-8c68-6d92483f0287",
    "fields": {
      "name": "DH-MARQUEZV-001",
      "organisation": "466847ce-c886-48e2-8de6-acfc93ac5d49",
      "process": "9fea5e32-a532-496a-8191-0937514485c7",
      "collar_location": "SRID=4326;POINT (142.29983328538674 -23.659710519982845)",
      "depth": 726.42,
      "azimuth": 50.82,
      "dip": -75.63,
      "created_at": "2026-03-16T10:50:56.770Z",
      "updated_at": "2026-03-16T10:50:56.770Z"
    }
  },
  {
    "model": "core.drillhole",
    "pk": "89ab7ad3-c2d4-4f62-90c5-729d7379c40c",
    "fields": {
      "name": "DH-PORTBRI-004",
      "organisation": "ea254060-2595-48c5-b3c6-a4c8fe334ee9",
      "process": "d3b3d213-0f6a-482a-88c7-ec7301eb352a",
      "collar_location": "SRID=4326;POINT (129.0571262399012 -27.892659977647043)",
      "depth": 64.26,
      "azimuth": 65.14,
      "dip": -62.14,
      "created_at": "2026-03-16T10:50:56.762Z",
      "updated_at": "2026-03-16T10:50:56.762Z"
    }
  },
  {
    "model": "core.drillhole",
    "pk": "91ef2052-be05-4838-bfb4-14a8f309c27c",
    "fields": {
      "name": "DH-NORTHRI-004",
      "organisation": "9b2c2df7-0604-49ce-9826-a3ef596cb94a",
      "process": "51469fa6-4c00-4c48-937e-0a449dfff7a4",
      "collar_location": "SRID=4326;POINT (118.38186187936427 -34.33396211127785)",
      "depth": 468.05,
      "azimuth": 273.43,
      "dip": -42.21,
      "created_at": "2026-03-16T10:50:56.791Z",
      "updated_at": "2026-03-16T10:50:56.791Z"
    }
  },
  {
    "model": "core.drillhole",
    "pk": "9d389030-2e00-4aa9-828e-28f03e36cdfb",
    "fields": {
      "name": "DH-TAPIACHE-003",
      "organisation": "9b2c2df7-0604-49ce-9826-a3ef596cb94a",
      "process": "77a88bf3-036e-464d-ad05-83746cc29594",
      "collar_location": "SRID=4326;POINT (136.50404492985754 -32.308325639819266)",
      "depth": 192.52,
      "azimuth": 299.14,
      "dip": -49.5,
      "created_at": "2026-03-16T10:50:56.783Z",
      "updated_at": "2026-03-16T10:50:56.783Z"
    }
  },
  {
    "model": "core.drillhole",
    "pk": "a04b8749-dd27-4cac-8912-9818ea8b4108",
    "fields": {
      "name": "DH-SOUTHAD-003",
      "organisation": "ea254060-2595-48c5-b3c6-a4c8fe334ee9",
      "process": "99eda418-9903-4eeb-babe-6c8c63f20012",
      "collar_location": "SRID=4326;POINT (136.35359623874248 -20.041590363374524)",
      "depth": 365.91,
      "azimuth": 181.75,
      "dip": -38.8,
      "created_at": "2026-03-16T10:50:56.765Z",
      "updated_at": "2026-03-16T10:50:56.765Z"
    }
  },
  {
    "model": "core.drillhole",
    "pk": "aa647062-f14e-4b83-8b8b-77d6fb5696fd",
    "fields": {
      "name": "DH-NORTHJU-003",
      "organisation": "466847ce-c886-48e2-8de6-acfc93ac5d49",
      "process": "c71ca4d2-db4f-4ca6-bad0-660bdaff6bb4",
      "collar_location": "SRID=4326;POINT (122.68845376469667 -30.84400675151694)",
      "depth": 149.93,
      "azimuth": 135.11,
      "dip": -73.04,
      "created_at": "2026-03-16T10:50:56.779Z",
      "updated_at": "2026-03-16T10:50:56.779Z"
    }
  },
  {
    "model": "core.drillhole",
    "pk": "bf123115-77fe-4966-a1ad-0ad74d162286",
    "fields": {
      "name": "DH-MARQUEZV-004",
      "organisation": "466847ce-c886-48e2-8de6-acfc93ac5d49",
      "process": "9fea5e32-a532-496a-8191-0937514485c7",
      "collar_location": "SRID=4326;POINT (148.2616341135934 -34.58642549579002)",
      "depth": 57.81,
      "azimuth": 194.09,
      "dip": -76.68,
      "created_at": "2026-03-16T10:50:56.773Z",
      "updated_at": "2026-03-16T10:50:56.773Z"
    }
  },
  {
    "model": "core.drillhole",
    "pk": "cb93699b-6775-4395-828a-1d069cdb0995",
    "fields": {
      "name": "DH-TAPIACHE-001",
      "organisation": "9b2c2df7-0604-49ce-9826-a3ef596cb94a",
      "process": "77a88bf3-036e-464d-ad05-83746cc29594",
      "collar_location": "SRID=4326;POINT (127.19763677298175 -29.052356900461973)",
      "depth": 90.93,
      "azimuth": 358.4,
      "dip": -77.86,
      "created_at": "2026-03-16T10:50:56.781Z",
      "updated_at": "2026-03-16T10:50:56.781Z"
    }
  },
  {
    "model": "core.drillhole",
    "pk": "cdeaf35c-3ad7-4b5e-aca1-c6502c771832",
    "fields": {
      "name": "DH-TAPIACHE-002",
      "organisation": "9b2c2df7-0604-49ce-9826-a3ef596cb94a",
      "process": "77a88bf3-036e-464d-ad05-83746cc29594",
      "collar_location": "SRID=4326;POINT (128.59024378151122 -31.253669806609846)",
      "depth": 358.15,
      "azimuth": 168.87,
      "dip": -41.54,
      "created_at": "2026-03-16T10:50:56.782Z",
      "updated_at": "2026-03-16T10:50:56.782Z"
    }
  },
  {
    "model": "core.drillhole",
    "pk": "cee3b283-0709-431c-8257-05095d20d2db",
    "fields": {
      "name": "DH-SOUTHAD-002",
      "organisation": "ea254060-2595-48c5-b3c6-a4c8fe334ee9",
      "process": "99eda418-9903-4eeb-babe-6c8c63f20012",
      "collar_location": "SRID=4326;POINT (140.41588587061813 -33.53998885537625)",
      "depth": 77.48,
      "azimuth": 343.09,
      "dip": -82.41,
      "created_at": "2026-03-16T10:50:56.764Z",
      "updated_at": "2026-03-16T10:50:56.764Z"
    }
  },
  {
    "model": "core.drillhole",
    "pk": "d4aba665-0771-4dd6-814d-0af63865490c",
    "fields": {
      "name": "DH-NORTHRI-002",
      "organisation": "9b2c2df7-0604-49ce-9826-a3ef596cb94a",
      "process": "51469fa6-4c00-4c48-937e-0a449dfff7a4",
      "collar_location": "SRID=4326;POINT (136.48470266986837 -19.110028556378197)",
      "depth": 413.1,
      "azimuth": 121.14,
      "dip": -55.71,
      "created_at": "2026-03-16T10:50:56.789Z",
      "updated_at": "2026-03-16T10:50:56.789Z"
    }
  },
  {
    "model": "core.drillhole",
    "pk": "e74df1d1-a254-4fdb-a440-6b9112a29d55",
    "fields": {
      "name": "DH-HOWELLFU-004",
      "organisation": "466847ce-c886-48e2-8de6-acfc93ac5d49",
      "process": "408ed65a-af72-432a-88f0-40a609ac1099",
      "collar_location": "SRID=4326;POINT (136.71470044389574 -30.036616782486597)",
      "depth": 661.01,
      "azimuth": 225.66,
      "dip": -54.49,
      "created_at": "2026-03-16T10:50:56.776Z",
      "updated_at": "2026-03-16T10:50:56.776Z"
    }
  },
  {
    "model": "core.drillhole",
    "pk": "ec7dd249-17da-47d5-ab44-6ea15138595e",
    "fields": {
      "name": "DH-EASTALE-003",
      "organisation": "9b2c2df7-0604-49ce-9826-a3ef596cb94a",
      "process": "2adf3525-e80b-46e9-a6a4-20b0adbd75ee",
      "collar_location": "SRID=4326;POINT (131.62067829317866 -19.129217024036656)",
      "depth": 83.71,
      "azimuth": 56.12,
      "dip": -24.17,
      "created_at": "2026-03-16T10:50:56.786Z",
      "updated_at": "2026-03-16T10:50:56.786Z"
    }
  },
  {
    "model": "core.drillhole",
    "pk": "f45d995d-bb9f-41d3-b7ec-6dc9b2b184d7",
    "fields": {
      "name": "DH-MARQUEZV-003",
      "organisation": "466847ce-c886-48e2-8de6-acfc93ac5d49",
      "process": "9fea5e32-a532-496a-8191-0937514485c7",
      "collar_location": "SRID=4326;POINT (147.8635802398872 -34.687651913145395)",
      "depth": 622.24,
      "azimuth": 31.57,
      "dip": -22.96,
      "created_at": "2026-03-16T10:50:56.772Z",
      "updated_at": "2026-03-16T10:50:56.772Z"
    }
  },
  {
    "model": "core.drillhole",
    "pk": "f73595e0-3799-4e2c-aa7e-cf9974b4e3be",
    "fields": {
      "name": "DH-NORTHRI-001",
      "organisation": "9b2c2df7-0604-49ce-9826-a3ef596cb94a",
      "process": "51469fa6-4c00-4c48-937e-0a449dfff7a4",
      "collar_location": "SRID=4326;POINT (143.73051016411796 -18.86427177052889)",
      "depth": 305.26,
      "azimuth": 72.52,
      "dip": -46.56,
      "created_at": "2026-03-16T10:50:56.788Z",
      "updated_at": "2026-03-16T10:50:56.788Z"
    }
  },
  {
    "model": "core.drillhole",
    "pk": "fc9bab0e-0297-409a-8bdc-faf35cf96809",
    "fields": {
      "name": "DH-PORTBRI-003",
      "organisation": "ea254060-2595-48c5-b3c6-a4c8fe334ee9",
      "process": "d3b3d213-0f6a-482a-88c7-ec7301eb352a",
      "collar_location": "SRID=4326;POINT (129.8968847697926 -18.09373550962083)",
      "depth": 125.15,
      "azimuth": 147.31,
      "dip": -80.57,
      "created_at": "2026-03-16T10:50:56.761Z",
      "updated_at": "2026-03-16T10:50:56.761Z"
    }
  },
  {
    "model": "core.prospect",
    "pk": "10923f2d-8110-4034-b889-639cc259d454",
    "fields": {
      "name": "Hill Zone",
      "organisation": "ea254060-2595-48c5-b3c6-a4c8fe334ee9",
      "process": "63b0a3a1-057b-4415-b3f8-22a0c3ae789f",
      "geom": "SRID=4326;POINT (133.16003910044765 -21.474570910629875)",
      "created_at": "2026-03-16T10:50:56.797Z",
      "updated_at": "2026-03-16T10:50:56.797Z"
    }
  },
  {
    "model": "core.prospect",
    "pk": "1c155419-f89f-49b8-8fe5-0a874d1d378c",
    "fields": {
      "name": "Ford Zone",
      "organisation": "9b2c2df7-0604-49ce-9826-a3ef596cb94a",
      "process": "2adf3525-e80b-46e9-a6a4-20b0adbd75ee",
      "geom": "SRID=4326;POINT (139.22616379714287 -21.06612285560871)",
      "created_at": "2026-03-16T10:50:56.826Z",
      "updated_at": "2026-03-16T10:50:56.826Z"
    }
  },
  {
    "model": "core.prospect",
    "pk": "2236d139-b389-4f1a-a4b7-9d3006bdb69f",
    "fields": {
      "name": "Bowman Lode",
      "organisation": "ea254060-2595-48c5-b3c6-a4c8fe334ee9",
      "process": "63b0a3a1-057b-4415-b3f8-22a0c3ae789f",
      "geom": "SRID=4326;POINT (121.7715552727941 -21.61886577959239)",
      "created_at": "2026-03-16T10:50:56.799Z",
      "updated_at": "2026-03-16T10:50:56.799Z"
    }
  },
  {
    "model": "core.prospect",
    "pk": "2417c0f7-48fd-4e7c-9076-33bc1644378f",
    "fields": {
      "name": "Wilson Zone",
      "organisation": "9b2c2df7-0604-49ce-9826-a3ef596cb94a",
      "process": "77a88bf3-036e-464d-ad05-83746cc29594",
      "geom": "SRID=4326;POINT (145.66865194583474 -32.340934241356024)",
      "created_at": "2026-03-16T10:50:56.815Z",
      "updated_at": "2026-03-16T10:50:56.815Z"
    }
  },
  {
    "model": "core.prospect",
    "pk": "32782919-9b9d-4eaa-ba89-92f11ea2fd3e",
    "fields": {
      "name": "Williams Zone",
      "organisation": "466847ce-c886-48e2-8de6-acfc93ac5d49",
      "process": "c71ca4d2-db4f-4ca6-bad0-660bdaff6bb4",
      "geom": "SRID=4326;POINT (133.08904427424366 -23.091701163046913)",
      "created_at": "2026-03-16T10:50:56.812Z",
      "updated_at": "2026-03-16T10:50:56.812Z"
    }
  },
  {
    "model": "core.prospect",
    "pk": "399945c7-f153-40fe-9bef-312bd4ff4695",
    "fields": {
      "name": "Ramos Deposit",
      "organisation": "ea254060-2595-48c5-b3c6-a4c8fe334ee9",
      "process": "d3b3d213-0f6a-482a-88c7-ec7301eb352a",
      "geom": "SRID=4326;POINT (142.82095329419542 -23.044008290701413)",
      "created_at": "2026-03-16T10:50:56.792Z",
      "updated_at": "2026-03-16T10:50:56.792Z"
    }
  },
  {
    "model": "core.prospect",
    "pk": "3d77e878-fbe9-4574-8065-e4a23f5ed305",
    "fields": {
      "name": "Daniel Reef",
      "organisation": "466847ce-c886-48e2-8de6-acfc93ac5d49",
      "process": "9fea5e32-a532-496a-8191-0937514485c7",
      "geom": "SRID=4326;POINT (116.3035751496723 -29.884012778201654)",
      "created_at": "2026-03-16T10:50:56.800Z",
      "updated_at": "2026-03-16T10:50:56.800Z"
    }
  },
  {
    "model": "core.prospect",
    "pk": "465b8671-8133-42c0-8ce2-e85647433994",
    "fields": {
      "name": "Harris Zone",
      "organisation": "ea254060-2595-48c5-b3c6-a4c8fe334ee9",
      "process": "d3b3d213-0f6a-482a-88c7-ec7301eb352a",
      "geom": "SRID=4326;POINT (135.59444353513078 -21.122757152953316)",
      "created_at": "2026-03-16T10:50:56.793Z",
      "updated_at": "2026-03-16T10:50:56.793Z"
    }
  },
  {
    "model": "core.prospect",
    "pk": "563cb7ab-0a12-4db2-a9ff-ea69b091d4d0",
    "fields": {
      "name": "Richards Reef",
      "organisation": "ea254060-2595-48c5-b3c6-a4c8fe334ee9",
      "process": "99eda418-9903-4eeb-babe-6c8c63f20012",
      "geom": "SRID=4326;POINT (148.34684006327961 -23.023505899945306)",
      "created_at": "2026-03-16T10:50:56.796Z",
      "updated_at": "2026-03-16T10:50:56.796Z"
    }
  },
  {
    "model": "core.prospect",
    "pk": "69634d0c-2ee5-4925-867c-9c53c5e3b7d2",
    "fields": {
      "name": "Atkins Reef",
      "organisation": "466847ce-c886-48e2-8de6-acfc93ac5d49",
      "process": "408ed65a-af72-432a-88f0-40a609ac1099",
      "geom": "SRID=4326;POINT (147.93287171049138 -25.710612457878085)",
      "created_at": "2026-03-16T10:50:56.804Z",
      "updated_at": "2026-03-16T10:50:56.804Z"
    }
  },
  {
    "model": "core.prospect",
    "pk": "75ed9a89-ebaa-413c-bd26-1ad6a2f01e32",
    "fields": {
      "name": "Burke Reef",
      "organisation": "9b2c2df7-0604-49ce-9826-a3ef596cb94a",
      "process": "51469fa6-4c00-4c48-937e-0a449dfff7a4",
      "geom": "SRID=4326;POINT (118.34587557472976 -20.158530132833373)",
      "created_at": "2026-03-16T10:50:56.832Z",
      "updated_at": "2026-03-16T10:50:56.832Z"
    }
  },
  {
    "model": "core.prospect",
    "pk": "7e901f67-24ea-4824-908b-ccc04f2ca414",
    "fields": {
      "name": "Burgess Reef",
      "organisation": "9b2c2df7-0604-49ce-9826-a3ef596cb94a",
      "process": "2adf3525-e80b-46e9-a6a4-20b0adbd75ee",
      "geom": "SRID=4326;POINT (120.18113811244876 -32.52963863287757)",
      "created_at": "2026-03-16T10:50:56.822Z",
      "updated_at": "2026-03-16T10:50:56.822Z"
    }
  },
  {
    "model": "core.prospect",
    "pk": "87099d6e-3733-48ec-9848-a3828202caac",
    "fields": {
      "name": "Bennett Deposit",
      "organisation": "ea254060-2595-48c5-b3c6-a4c8fe334ee9",
      "process": "99eda418-9903-4eeb-babe-6c8c63f20012",
      "geom": "SRID=4326;POINT (140.46431779231833 -18.842062014587658)",
      "created_at": "2026-03-16T10:50:56.795Z",
      "updated_at": "2026-03-16T10:50:56.795Z"
    }
  },
  {
    "model": "core.prospect",
    "pk": "abf6e806-f279-4cb9-8798-f39593280068",
    "fields": {
      "name": "Dillon Deposit",
      "organisation": "466847ce-c886-48e2-8de6-acfc93ac5d49",
      "process": "c71ca4d2-db4f-4ca6-bad0-660bdaff6bb4",
      "geom": "SRID=4326;POINT (140.65110790157698 -31.99874954822352)",
      "created_at": "2026-03-16T10:50:56.809Z",
      "updated_at": "2026-03-16T10:50:56.809Z"
    }
  },
  {
    "model": "core.prospect",
    "pk": "ac7d6b24-6d1e-4b78-b481-3e203b4aa24d",
    "fields": {
      "name": "Harris Deposit",
      "organisation": "466847ce-c886-48e2-8de6-acfc93ac5d49",
      "process": "9fea5e32-a532-496a-8191-0937514485c7",
      "geom": "SRID=4326;POINT (131.38505236247948 -29.18906291465794)",
      "created_at": "2026-03-16T10:50:56.802Z",
      "updated_at": "2026-03-16T10:50:56.802Z"
    }
  },
  {
    "model": "core.prospect",
    "pk": "df1be618-4d68-485c-84a6-4a900133e5cd",
    "fields": {
      "name": "Marsh Zone",
      "organisation": "9b2c2df7-0604-49ce-9826-a3ef596cb94a",
      "process": "77a88bf3-036e-464d-ad05-83746cc29594",
      "geom": "SRID=4326;POINT (143.7767056250996 -20.937769804931875)",
      "created_at": "2026-03-16T10:50:56.819Z",
      "updated_at": "2026-03-16T10:50:56.819Z"
    }
  },
  {
    "model": "core.prospect",
    "pk": "e1e8ed23-3076-45ca-af6c-731c30b7ae79",
    "fields": {
      "name": "Waters Lode",
      "organisation": "9b2c2df7-0604-49ce-9826-a3ef596cb94a",
      "process": "51469fa6-4c00-4c48-937e-0a449dfff7a4",
      "geom": "SRID=4326;POINT (128.93541505961187 -18.101397507617463)",
      "created_at": "2026-03-16T10:50:56.829Z",
      "updated_at": "2026-03-16T10:50:56.829Z"
    }
  },
  {
    "model": "core.prospect",
    "pk": "f02c82dd-9358-4086-b8e3-0522ff515a6a",
    "fields": {
      "name": "Day Zone",
      "organisation": "466847ce-c886-48e2-8de6-acfc93ac5d49",
      "process": "408ed65a-af72-432a-88f0-40a609ac1099",
      "geom": "SRID=4326;POINT (142.5776498765232 -22.653315475193047)",
      "created_at": "2026-03-16T10:50:56.807Z",
      "updated_at": "2026-03-16T10:50:56.807Z"
    }
  },
  {
    "model": "core.tenement",
    "pk": "02875aee-7348-480a-94b9-2c804e9e9bcc",
    "fields": {
      "name": "ML-1287/21",
      "organisation": "466847ce-c886-48e2-8de6-acfc93ac5d49",
      "process": "9fea5e32-a532-496a-8191-0937514485c7",
      "geom": "SRID=4326;MULTIPOLYGON (((125.06445443009035 -32.68270579709528, 125.16445443009034 -32.68270579709528, 125.16445443009034 -32.58270579709529, 125.06445443009035 -32.58270579709529, 125.06445443009035 -32.68270579709528)))",
      "created_at": "2026-03-16T10:50:56.854Z",
      "updated_at": "2026-03-16T10:50:56.854Z"
    }
  },
  {
    "model": "core.tenement",
    "pk": "07fa1bd7-bdd3-4f86-8d91-f7cfe63bac05",
    "fields": {
      "name": "ML-3464/07",
      "organisation": "ea254060-2595-48c5-b3c6-a4c8fe334ee9",
      "process": "99eda418-9903-4eeb-babe-6c8c63f20012",
      "geom": "SRID=4326;MULTIPOLYGON (((149.62829487613686 -32.18178170091064, 149.72829487613689 -32.18178170091064, 149.72829487613689 -32.081781700910646, 149.62829487613686 -32.081781700910646, 149.62829487613686 -32.18178170091064)))",
      "created_at": "2026-03-16T10:50:56.845Z",
      "updated_at": "2026-03-16T10:50:56.845Z"
    }
  },
  {
    "model": "core.tenement",
    "pk": "7a1c649d-e27b-41d1-8c59-040c7d4caaf0",
    "fields": {
      "name": "ML-8543/89",
      "organisation": "ea254060-2595-48c5-b3c6-a4c8fe334ee9",
      "process": "99eda418-9903-4eeb-babe-6c8c63f20012",
      "geom": "SRID=4326;MULTIPOLYGON (((124.41115318976016 -25.910881587757242, 124.51115318976015 -25.910881587757242, 124.51115318976015 -25.81088158775724, 124.41115318976016 -25.81088158775724, 124.41115318976016 -25.910881587757242)))",
      "created_at": "2026-03-16T10:50:56.842Z",
      "updated_at": "2026-03-16T10:50:56.842Z"
    }
  },
  {
    "model": "core.tenement",
    "pk": "7b0e15df-e48b-46f9-93ca-b572ebd92d22",
    "fields": {
      "name": "ML-8053/22",
      "organisation": "ea254060-2595-48c5-b3c6-a4c8fe334ee9",
      "process": "d3b3d213-0f6a-482a-88c7-ec7301eb352a",
      "geom": "SRID=4326;MULTIPOLYGON (((126.52469791767199 -21.01030869446653, 126.62469791767198 -21.01030869446653, 126.62469791767198 -20.91030869446653, 126.52469791767199 -20.91030869446653, 126.52469791767199 -21.01030869446653)))",
      "created_at": "2026-03-16T10:50:56.835Z",
      "updated_at": "2026-03-16T10:50:56.835Z"
    }
  },
  {
    "model": "core.tenement",
    "pk": "82d109f6-e2e1-4b7a-886d-e97a9451dcb0",
    "fields": {
      "name": "ML-2716/89",
      "organisation": "ea254060-2595-48c5-b3c6-a4c8fe334ee9",
      "process": "63b0a3a1-057b-4415-b3f8-22a0c3ae789f",
      "geom": "SRID=4326;MULTIPOLYGON (((118.40099316364805 -30.02358513070957, 118.50099316364805 -30.02358513070957, 118.50099316364805 -29.92358513070957, 118.40099316364805 -29.92358513070957, 118.40099316364805 -30.02358513070957)))",
      "created_at": "2026-03-16T10:50:56.849Z",
      "updated_at": "2026-03-16T10:50:56.849Z"
    }
  },
  {
    "model": "core.tenement",
    "pk": "95cf50d1-5c9d-46bf-9b10-b6c567607541",
    "fields": {
      "name": "ML-3318/29",
      "organisation": "ea254060-2595-48c5-b3c6-a4c8fe334ee9",
      "process": "63b0a3a1-057b-4415-b3f8-22a0c3ae789f",
      "geom": "SRID=4326;MULTIPOLYGON (((129.1790690375232 -22.641051719016403, 129.27906903752321 -22.641051719016403, 129.27906903752321 -22.5410517190164, 129.1790690375232 -22.5410517190164, 129.1790690375232 -22.641051719016403)))",
      "created_at": "2026-03-16T10:50:56.847Z",
      "updated_at": "2026-03-16T10:50:56.847Z"
    }
  },
  {
    "model": "core.tenement",
    "pk": "a19de651-576d-4476-b3ac-d911eebbe16f",
    "fields": {
      "name": "ML-2766/30",
      "organisation": "466847ce-c886-48e2-8de6-acfc93ac5d49",
      "process": "9fea5e32-a532-496a-8191-0937514485c7",
      "geom": "SRID=4326;MULTIPOLYGON (((137.55301627453701 -28.47881595202572, 137.65301627453704 -28.47881595202572, 137.65301627453704 -28.378815952025718, 137.55301627453701 -28.378815952025718, 137.55301627453701 -28.47881595202572)))",
      "created_at": "2026-03-16T10:50:56.852Z",
      "updated_at": "2026-03-16T10:50:56.852Z"
    }
  },
  {
    "model": "core.tenement",
    "pk": "abd96ddd-05fd-45a2-b156-9f966f495336",
    "fields": {
      "name": "ML-6318/26",
      "organisation": "9b2c2df7-0604-49ce-9826-a3ef596cb94a",
      "process": "51469fa6-4c00-4c48-937e-0a449dfff7a4",
      "geom": "SRID=4326;MULTIPOLYGON (((148.69209669977133 -22.510296667719782, 148.79209669977135 -22.510296667719782, 148.79209669977135 -22.41029666771978, 148.69209669977133 -22.41029666771978, 148.69209669977133 -22.510296667719782)))",
      "created_at": "2026-03-16T10:50:56.875Z",
      "updated_at": "2026-03-16T10:50:56.875Z"
    }
  },
  {
    "model": "core.tenement",
    "pk": "bcfb8ecc-cdcf-4366-bb56-4694b9d3c2cf",
    "fields": {
      "name": "ML-7150/63",
      "organisation": "466847ce-c886-48e2-8de6-acfc93ac5d49",
      "process": "408ed65a-af72-432a-88f0-40a609ac1099",
      "geom": "SRID=4326;MULTIPOLYGON (((123.56214371222175 -34.62688522222047, 123.66214371222175 -34.62688522222047, 123.66214371222175 -34.52688522222048, 123.56214371222175 -34.52688522222048, 123.56214371222175 -34.62688522222047)))",
      "created_at": "2026-03-16T10:50:56.858Z",
      "updated_at": "2026-03-16T10:50:56.858Z"
    }
  },
  {
    "model": "core.tenement",
    "pk": "bfb723df-2751-4f26-9028-9b1b774ebcf2",
    "fields": {
      "name": "ML-4590/54",
      "organisation": "9b2c2df7-0604-49ce-9826-a3ef596cb94a",
      "process": "2adf3525-e80b-46e9-a6a4-20b0adbd75ee",
      "geom": "SRID=4326;MULTIPOLYGON (((123.57147722948046 -19.587037232303423, 123.67147722948046 -19.587037232303423, 123.67147722948046 -19.48703723230342, 123.57147722948046 -19.48703723230342, 123.57147722948046 -19.587037232303423)))",
      "created_at": "2026-03-16T10:50:56.871Z",
      "updated_at": "2026-03-16T10:50:56.871Z"
    }
  },
  {
    "model": "core.tenement",
    "pk": "c608a6d5-c3f9-4bcd-a5b9-a2253c334b0b",
    "fields": {
      "name": "ML-5063/21",
      "organisation": "9b2c2df7-0604-49ce-9826-a3ef596cb94a",
      "process": "51469fa6-4c00-4c48-937e-0a449dfff7a4",
      "geom": "SRID=4326;MULTIPOLYGON (((144.27531610048325 -27.091038099378313, 144.37531610048327 -27.091038099378313, 144.37531610048327 -26.99103809937831, 144.27531610048325 -26.99103809937831, 144.27531610048325 -27.091038099378313)))",
      "created_at": "2026-03-16T10:50:56.873Z",
      "updated_at": "2026-03-16T10:50:56.873Z"
    }
  },
  {
    "model": "core.tenement",
    "pk": "c93c8573-4dc0-4063-af2f-180cc38a4221",
    "fields": {
      "name": "ML-3538/99",
      "organisation": "466847ce-c886-48e2-8de6-acfc93ac5d49",
      "process": "408ed65a-af72-432a-88f0-40a609ac1099",
      "geom": "SRID=4326;MULTIPOLYGON (((137.8950316108314 -29.73285628850369, 137.99503161083143 -29.73285628850369, 137.99503161083143 -29.63285628850369, 137.8950316108314 -29.63285628850369, 137.8950316108314 -29.73285628850369)))",
      "created_at": "2026-03-16T10:50:56.856Z",
      "updated_at": "2026-03-16T10:50:56.856Z"
    }
  },
  {
    "model": "core.tenement",
    "pk": "d1fe57e7-a3e2-4c8d-87af-1ff1f8f85677",
    "fields": {
      "name": "ML-2141/39",
      "organisation": "9b2c2df7-0604-49ce-9826-a3ef596cb94a",
      "process": "77a88bf3-036e-464d-ad05-83746cc29594",
      "geom": "SRID=4326;MULTIPOLYGON (((121.45379878091288 -31.846734371581572, 121.55379878091287 -31.846734371581572, 121.55379878091287 -31.74673437158157, 121.45379878091288 -31.74673437158157, 121.45379878091288 -31.846734371581572)))",
      "created_at": "2026-03-16T10:50:56.867Z",
      "updated_at": "2026-03-16T10:50:56.867Z"
    }
  },
  {
    "model": "core.tenement",
    "pk": "e921c814-7501-4421-a3ee-7cfd2dfc40a2",
    "fields": {
      "name": "ML-2201/57",
      "organisation": "ea254060-2595-48c5-b3c6-a4c8fe334ee9",
      "process": "d3b3d213-0f6a-482a-88c7-ec7301eb352a",
      "geom": "SRID=4326;MULTIPOLYGON (((137.2871079763254 -33.92379710540861, 137.3871079763254 -33.92379710540861, 137.3871079763254 -33.823797105408616, 137.2871079763254 -33.823797105408616, 137.2871079763254 -33.92379710540861)))",
      "created_at": "2026-03-16T10:50:56.840Z",
      "updated_at": "2026-03-16T10:50:56.840Z"
    }
  },
  {
    "model": "core.tenement",
    "pk": "f1b5fb1f-8f8f-49c3-88a6-6ba8840e9bc6",
    "fields": {
      "name": "ML-5612/92",
      "organisation": "466847ce-c886-48e2-8de6-acfc93ac5d49",
      "process": "c71ca4d2-db4f-4ca6-bad0-660bdaff6bb4",
      "geom": "SRID=4326;MULTIPOLYGON (((138.6609365024013 -19.774331396293032, 138.76093650240134 -19.774331396293032, 138.76093650240134 -19.67433139629303, 138.6609365024013 -19.67433139629303, 138.6609365024013 -19.774331396293032)))",
      "created_at": "2026-03-16T10:50:56.860Z",
      "updated_at": "2026-03-16T10:50:56.860Z"
    }
  },
  {
    "model": "core.tenement",
    "pk": "fa32b9f3-cafd-4850-af42-5380296ec16f",
    "fields": {
      "name": "ML-3858/20",
      "organisation": "9b2c2df7-0604-49ce-9826-a3ef596cb94a",
      "process": "2adf3525-e80b-46e9-a6a4-20b0adbd75ee",
      "geom": "SRID=4326;MULTIPOLYGON (((143.71890386817088 -21.107168837513587, 143.8189038681709 -21.107168837513587, 143.8189038681709 -21.007168837513586, 143.71890386817088 -21.007168837513586, 143.71890386817088 -21.107168837513587)))",
      "created_at": "2026-03-16T10:50:56.869Z",
      "updated_at": "2026-03-16T10:50:56.869Z"
    }
  },
  {
    "model": "core.tenement",
    "pk": "fec03eec-aad3-40f2-b24b-aec1d56aa600",
    "fields": {
      "name": "ML-5674/85",
      "organisation": "466847ce-c886-48e2-8de6-acfc93ac5d49",
      "process": "c71ca4d2-db4f-4ca6-bad0-660bdaff6bb4",
      "geom": "SRID=4326;MULTIPOLYGON (((126.70322199030014 -26.262677135469655, 126.80322199030013 -26.262677135469655, 126.80322199030013 -26.162677135469654, 126.70322199030014 -26.162677135469654, 126.70322199030014 -26.262677135469655)))",
      "created_at": "2026-03-16T10:50:56.863Z",
      "updated_at": "2026-03-16T10:50:56.863Z"
    }
  },
  {
    "model": "core.tenement",
    "pk": "ff468c27-c34d-4c60-a4f1-e047d364bc58",
    "fields": {
      "name": "ML-5828/75",
      "organisation": "9b2c2df7-0604-49ce-9826-a3ef596cb94a",
      "process": "77a88bf3-036e-464d-ad05-83746cc29594",
      "geom": "SRID=4326;MULTIPOLYGON (((121.59037529021995 -18.638053994012846, 121.69037529021995 -18.638053994012846, 121.69037529021995 -18.538053994012845, 121.59037529021995 -18.538053994012845, 121.59037529021995 -18.638053994012846)))",
      "created_at": "2026-03-16T10:50:56.865Z",
      "updated_at": "2026-03-16T10:50:56.865Z"
    }
  },
  {
    "model": "core.document",
    "pk": "1105232f-8904-4fe7-acc4-8f5c0613ac90",
    "fields": {
      "title": "Consumer think group difference art.",
      "file": "documents/certain.pdf",
      "extracted_text": "",
      "organisation": "466847ce-c886-48e2-8de6-acfc93ac5d49",
      "process": "408ed65a-af72-432a-88f0-40a609ac1099",
      "tags": "[\"2\", \"12\"]",
      "timestamp": "2025-11-04",
      "doc_type": "INTERNAL",
      "confidentiality": "CONFIDENTIAL",
      "created_by": ["admin"],
      "checksum_sha256": "2080fbc8902abdabd53f4983bfe3b66e12a88c65f03e85260fc5fd842d7b9b92",
      "created_at": "2026-03-16T10:50:56.902Z",
      "updated_at": "2026-03-16T10:50:56.902Z"
    }
  },
  {
    "model": "core.document",
    "pk": "14f6f3aa-d646-4c9e-82c0-0b609e8e258e",
    "fields": {
      "title": "Range realize politics.",
      "file": "documents/recognize.pdf",
      "extracted_text": "",
      "organisation": "ea254060-2595-48c5-b3c6-a4c8fe334ee9",
      "process": "63b0a3a1-057b-4415-b3f8-22a0c3ae789f",
      "tags": "[\"4\", \"5\", \"12\", \"13\"]",
      "timestamp": "2024-12-17",
      "doc_type": "JORC",
      "confidentiality": "CONFIDENTIAL",
      "created_by": ["admin"],
      "checksum_sha256": "ef498b9e71b5e88604cc9a07ece51c05b2bf7ef13358340b349acd45b4d7ebb5",
      "created_at": "2026-03-16T10:50:56.894Z",
      "updated_at": "2026-03-16T10:50:56.894Z"
    }
  },
  {
    "model": "core.document",
    "pk": "1e30c84a-7d67-4422-bd2f-a08af3125879",
    "fields": {
      "title": "Woman program heavy article record.",
      "file": "documents/book.pdf",
      "extracted_text": "",
      "organisation": "ea254060-2595-48c5-b3c6-a4c8fe334ee9",
      "process": "63b0a3a1-057b-4415-b3f8-22a0c3ae789f",
      "tags": "[\"14\"]",
      "timestamp": "2024-07-13",
      "doc_type": "ENVIRONMENTAL",
      "confidentiality": "PUBLIC",
      "created_by": ["admin"],
      "checksum_sha256": "57f6406e81a0ba7cf47fd1555b7619d525eaa7543e6e1a91c9f4fc7727824d15",
      "created_at": "2026-03-16T10:50:56.892Z",
      "updated_at": "2026-03-16T10:50:56.892Z"
    }
  },
  {
    "model": "core.document",
    "pk": "2207c676-4249-497e-9eeb-f7b4488da00e",
    "fields": {
      "title": "Just wind office second.",
      "file": "documents/standard.pdf",
      "extracted_text": "",
      "organisation": "466847ce-c886-48e2-8de6-acfc93ac5d49",
      "process": "9fea5e32-a532-496a-8191-0937514485c7",
      "tags": "[\"18\"]",
      "timestamp": "2025-06-09",
      "doc_type": "JORC",
      "confidentiality": "RESTRICTED",
      "created_by": ["admin"],
      "checksum_sha256": "d9568a9b12ed814f3b235701813287ce96f2681d3121ebf8bb87a5ae0f5f5b64",
      "created_at": "2026-03-16T10:50:56.898Z",
      "updated_at": "2026-03-16T10:50:56.898Z"
    }
  },
  {
    "model": "core.document",
    "pk": "263322ad-d6da-408b-9a10-51297162d1c9",
    "fields": {
      "title": "Throughout several manager instead.",
      "file": "documents/various.pdf",
      "extracted_text": "",
      "organisation": "9b2c2df7-0604-49ce-9826-a3ef596cb94a",
      "process": "77a88bf3-036e-464d-ad05-83746cc29594",
      "tags": "[\"3\", \"8\"]",
      "timestamp": "2025-02-14",
      "doc_type": "TECHNICAL",
      "confidentiality": "RESTRICTED",
      "created_by": ["admin"],
      "checksum_sha256": "3f002f0d6735486383f38938f8b3fb7bff0f69d322235b3281b27dc17d19406d",
      "created_at": "2026-03-16T10:50:56.909Z",
      "updated_at": "2026-03-16T10:50:56.909Z"
    }
  },
  {
    "model": "core.document",
    "pk": "26930833-aae5-40fb-b77b-cd07d5410457",
    "fields": {
      "title": "Agent specific must make.",
      "file": "documents/identify.pdf",
      "extracted_text": "",
      "organisation": "466847ce-c886-48e2-8de6-acfc93ac5d49",
      "process": "c71ca4d2-db4f-4ca6-bad0-660bdaff6bb4",
      "tags": "[\"5\", \"9\", \"14\", \"19\"]",
      "timestamp": "2025-09-24",
      "doc_type": "COMPLIANCE",
      "confidentiality": "INTERNAL",
      "created_by": ["admin"],
      "checksum_sha256": "c38546cbed9f562c07932e69cd9e861001c431ac3d25117d6efa70b53c9ebc30",
      "created_at": "2026-03-16T10:50:56.905Z",
      "updated_at": "2026-03-16T10:50:56.905Z"
    }
  },
  {
    "model": "core.document",
    "pk": "2c84e247-e7bd-4d8b-84a8-0074f499e643",
    "fields": {
      "title": "First when modern need wonder past.",
      "file": "documents/company.pdf",
      "extracted_text": "",
      "organisation": "9b2c2df7-0604-49ce-9826-a3ef596cb94a",
      "process": "51469fa6-4c00-4c48-937e-0a449dfff7a4",
      "tags": "[\"2\", \"9\", \"10\", \"13\"]",
      "timestamp": "2024-03-25",
      "doc_type": "TECHNICAL",
      "confidentiality": "PUBLIC",
      "created_by": ["admin"],
      "checksum_sha256": "88c7f8f8b0c6a7c8729958e24a681a398a4c6bb944e78537048e1f665f4774bb",
      "created_at": "2026-03-16T10:50:56.914Z",
      "updated_at": "2026-03-16T10:50:56.914Z"
    }
  },
  {
    "model": "core.document",
    "pk": "308c19c5-b5df-418f-9905-b2a0a6d204d4",
    "fields": {
      "title": "Recognize before decade live Republican.",
      "file": "documents/plan.pdf",
      "extracted_text": "",
      "organisation": "466847ce-c886-48e2-8de6-acfc93ac5d49",
      "process": "c71ca4d2-db4f-4ca6-bad0-660bdaff6bb4",
      "tags": "[\"18\"]",
      "timestamp": "2024-07-22",
      "doc_type": "TECHNICAL",
      "confidentiality": "INTERNAL",
      "created_by": ["admin"],
      "checksum_sha256": "429f23964066ebff6cd1a2cb5e603e225db295b4d69b0d2b60362f58653f0b6f",
      "created_at": "2026-03-16T10:50:56.903Z",
      "updated_at": "2026-03-16T10:50:56.903Z"
    }
  },
  {
    "model": "core.document",
    "pk": "39e329ee-d323-4ace-8f6f-38067a83d7c2",
    "fields": {
      "title": "Pull listen parent suddenly.",
      "file": "documents/away.pdf",
      "extracted_text": "",
      "organisation": "ea254060-2595-48c5-b3c6-a4c8fe334ee9",
      "process": "63b0a3a1-057b-4415-b3f8-22a0c3ae789f",
      "tags": "[\"3\"]",
      "timestamp": "2024-11-12",
      "doc_type": "INTERNAL",
      "confidentiality": "INTERNAL",
      "created_by": ["admin"],
      "checksum_sha256": "7d6d3ececd760d89bf6383320a0471d88bbe8c4cb6f8bcdd61f6ec853291ed3b",
      "created_at": "2026-03-16T10:50:56.891Z",
      "updated_at": "2026-03-16T10:50:56.891Z"
    }
  },
  {
    "model": "core.document",
    "pk": "3f54d22c-f3cb-4b36-bccf-3f5377a6e8cb",
    "fields": {
      "title": "Exactly live wonder million seem Democrat.",
      "file": "documents/suffer.pdf",
      "extracted_text": "",
      "organisation": "9b2c2df7-0604-49ce-9826-a3ef596cb94a",
      "process": "77a88bf3-036e-464d-ad05-83746cc29594",
      "tags": "[\"14\", \"16\", \"19\"]",
      "timestamp": "2026-01-26",
      "doc_type": "JORC",
      "confidentiality": "INTERNAL",
      "created_by": ["admin"],
      "checksum_sha256": "e68c306d34b712a068987e01ded7138a9f1c4c68ac81d967459ee6a9dfc6aec5",
      "created_at": "2026-03-16T10:50:56.907Z",
      "updated_at": "2026-03-16T10:50:56.907Z"
    }
  },
  {
    "model": "core.document",
    "pk": "47b22e44-bf3b-49b4-b3b1-3480ae36db54",
    "fields": {
      "title": "Too claim dark how less throw.",
      "file": "documents/reach.pdf",
      "extracted_text": "",
      "organisation": "466847ce-c886-48e2-8de6-acfc93ac5d49",
      "process": "408ed65a-af72-432a-88f0-40a609ac1099",
      "tags": "[\"7\", \"16\"]",
      "timestamp": "2025-02-13",
      "doc_type": "INTERNAL",
      "confidentiality": "PUBLIC",
      "created_by": ["admin"],
      "checksum_sha256": "0c12be125e3238e0e528a2c1342cd454b403accc89bd076f52fda95f37146c60",
      "created_at": "2026-03-16T10:50:56.900Z",
      "updated_at": "2026-03-16T10:50:56.900Z"
    }
  },
  {
    "model": "core.document",
    "pk": "4982c03b-9100-4dd7-a679-434c82cf9a00",
    "fields": {
      "title": "Here artist those cultural take.",
      "file": "documents/interesting.pdf",
      "extracted_text": "",
      "organisation": "466847ce-c886-48e2-8de6-acfc93ac5d49",
      "process": "408ed65a-af72-432a-88f0-40a609ac1099",
      "tags": "[\"6\", \"10\", \"14\"]",
      "timestamp": "2024-06-08",
      "doc_type": "JORC",
      "confidentiality": "INTERNAL",
      "created_by": ["admin"],
      "checksum_sha256": "b44a2ae5ba1677f19ac07ab532e8607acfcf6ce3722af3a5df048c83468e3ac6",
      "created_at": "2026-03-16T10:50:56.899Z",
      "updated_at": "2026-03-16T10:50:56.899Z"
    }
  },
  {
    "model": "core.document",
    "pk": "52fa0db8-055a-4640-95ce-ef052c772cae",
    "fields": {
      "title": "Station state prevent.",
      "file": "documents/phone.pdf",
      "extracted_text": "",
      "organisation": "ea254060-2595-48c5-b3c6-a4c8fe334ee9",
      "process": "d3b3d213-0f6a-482a-88c7-ec7301eb352a",
      "tags": "[\"9\", \"10\"]",
      "timestamp": "2026-03-01",
      "doc_type": "TECHNICAL",
      "confidentiality": "CONFIDENTIAL",
      "created_by": ["admin"],
      "checksum_sha256": "3ea0d5822c98cf93bf2728ce4065c1f20033dd0e34b281bdc3825f35c1f5ef1c",
      "created_at": "2026-03-16T10:50:56.881Z",
      "updated_at": "2026-03-16T10:50:56.881Z"
    }
  },
  {
    "model": "core.document",
    "pk": "57b9540b-09c1-42f5-933a-14c850e1497c",
    "fields": {
      "title": "Lawyer hair feel.",
      "file": "documents/authority.pdf",
      "extracted_text": "",
      "organisation": "466847ce-c886-48e2-8de6-acfc93ac5d49",
      "process": "9fea5e32-a532-496a-8191-0937514485c7",
      "tags": "[\"3\", \"7\", \"9\"]",
      "timestamp": "2025-03-21",
      "doc_type": "INTERNAL",
      "confidentiality": "PUBLIC",
      "created_by": ["admin"],
      "checksum_sha256": "f2da84d863ff4aeaefaedf540d0ad1b318922deb66c496dcb489f99b98a2a505",
      "created_at": "2026-03-16T10:50:56.897Z",
      "updated_at": "2026-03-16T10:50:56.897Z"
    }
  },
  {
    "model": "core.document",
    "pk": "59457d11-3212-472b-a85d-ed5ab7cae78f",
    "fields": {
      "title": "Per major away.",
      "file": "documents/wear.pdf",
      "extracted_text": "",
      "organisation": "ea254060-2595-48c5-b3c6-a4c8fe334ee9",
      "process": "99eda418-9903-4eeb-babe-6c8c63f20012",
      "tags": "[\"1\", \"2\", \"7\", \"8\"]",
      "timestamp": "2024-04-28",
      "doc_type": "JORC",
      "confidentiality": "INTERNAL",
      "created_by": ["admin"],
      "checksum_sha256": "528527b6de2d62d414214c83317864ffd65d92d789e453df31e545fbbfae142b",
      "created_at": "2026-03-16T10:50:56.885Z",
      "updated_at": "2026-03-16T10:50:56.885Z"
    }
  },
  {
    "model": "core.document",
    "pk": "597e3559-718a-41ed-ba84-b137bf91234b",
    "fields": {
      "title": "Certain police develop tough street detail.",
      "file": "documents/either.pdf",
      "extracted_text": "",
      "organisation": "9b2c2df7-0604-49ce-9826-a3ef596cb94a",
      "process": "77a88bf3-036e-464d-ad05-83746cc29594",
      "tags": "[\"1\"]",
      "timestamp": "2025-09-27",
      "doc_type": "VALMIN",
      "confidentiality": "PUBLIC",
      "created_by": ["admin"],
      "checksum_sha256": "0e80a0a69d994e72c3ca1163c429a2eccf14491aab2d9a7b8705e080d0c70e1e",
      "created_at": "2026-03-16T10:50:56.908Z",
      "updated_at": "2026-03-16T10:50:56.908Z"
    }
  },
  {
    "model": "core.document",
    "pk": "6024e73e-578a-40f3-b802-8860dcab2f3a",
    "fields": {
      "title": "Whether worry break economy themselves.",
      "file": "documents/yard.pdf",
      "extracted_text": "",
      "organisation": "466847ce-c886-48e2-8de6-acfc93ac5d49",
      "process": "c71ca4d2-db4f-4ca6-bad0-660bdaff6bb4",
      "tags": "[\"13\"]",
      "timestamp": "2025-05-10",
      "doc_type": "ENVIRONMENTAL",
      "confidentiality": "PUBLIC",
      "created_by": ["admin"],
      "checksum_sha256": "fcdfab509f09c4e1b4aa8b44b3a79e951123d181eb52b0af1c8c6ea701423bae",
      "created_at": "2026-03-16T10:50:56.904Z",
      "updated_at": "2026-03-16T10:50:56.904Z"
    }
  },
  {
    "model": "core.document",
    "pk": "60f288ed-941c-40de-9c18-b6151f1eeb10",
    "fields": {
      "title": "Natural whatever stop.",
      "file": "documents/trip.pdf",
      "extracted_text": "",
      "organisation": "9b2c2df7-0604-49ce-9826-a3ef596cb94a",
      "process": "51469fa6-4c00-4c48-937e-0a449dfff7a4",
      "tags": "[\"1\", \"16\"]",
      "timestamp": "2026-01-01",
      "doc_type": "JORC",
      "confidentiality": "PUBLIC",
      "created_by": ["admin"],
      "checksum_sha256": "0414f6609534ce0cb263f803f98beffd83b58c73ccfc223945fb98bab9a47789",
      "created_at": "2026-03-16T10:50:56.916Z",
      "updated_at": "2026-03-16T10:50:56.916Z"
    }
  },
  {
    "model": "core.document",
    "pk": "855ce94a-0ce4-4476-a0af-75c97c3bd201",
    "fields": {
      "title": "Hit interview have of.",
      "file": "documents/issue.pdf",
      "extracted_text": "",
      "organisation": "9b2c2df7-0604-49ce-9826-a3ef596cb94a",
      "process": "2adf3525-e80b-46e9-a6a4-20b0adbd75ee",
      "tags": "[\"2\", \"4\", \"15\"]",
      "timestamp": "2025-03-06",
      "doc_type": "VALMIN",
      "confidentiality": "CONFIDENTIAL",
      "created_by": ["admin"],
      "checksum_sha256": "c5163f475f9de39624eba727abefc7169d05f233349cd160a868ce48141c5aea",
      "created_at": "2026-03-16T10:50:56.910Z",
      "updated_at": "2026-03-16T10:50:56.910Z"
    }
  },
  {
    "model": "core.document",
    "pk": "8cacd53f-c44b-4881-a653-b24617f2ec23",
    "fields": {
      "title": "Represent community draw together deal owner.",
      "file": "documents/economic.pdf",
      "extracted_text": "",
      "organisation": "466847ce-c886-48e2-8de6-acfc93ac5d49",
      "process": "9fea5e32-a532-496a-8191-0937514485c7",
      "tags": "[\"3\", \"13\"]",
      "timestamp": "2025-08-15",
      "doc_type": "COMPLIANCE",
      "confidentiality": "INTERNAL",
      "created_by": ["admin"],
      "checksum_sha256": "579833b9766643b3dae770ca3c22daaa79300b2375a52782c57d6a31d8716c23",
      "created_at": "2026-03-16T10:50:56.895Z",
      "updated_at": "2026-03-16T10:50:56.895Z"
    }
  },
  {
    "model": "core.document",
    "pk": "8d2a1106-7a7d-4c01-90a9-80fc9dd28497",
    "fields": {
      "title": "Hand large third hard ball.",
      "file": "documents/this.pdf",
      "extracted_text": "",
      "organisation": "ea254060-2595-48c5-b3c6-a4c8fe334ee9",
      "process": "99eda418-9903-4eeb-babe-6c8c63f20012",
      "tags": "[\"2\", \"10\"]",
      "timestamp": "2024-07-02",
      "doc_type": "TECHNICAL",
      "confidentiality": "RESTRICTED",
      "created_by": ["admin"],
      "checksum_sha256": "a7332e658d488145ef730aa9defe79a4fed0057e0797138114a04d3b57861d6f",
      "created_at": "2026-03-16T10:50:56.889Z",
      "updated_at": "2026-03-16T10:50:56.889Z"
    }
  },
  {
    "model": "core.document",
    "pk": "9c41a268-d7a0-4e8b-80eb-2ce9ebc64091",
    "fields": {
      "title": "Culture east cup party.",
      "file": "documents/many.pdf",
      "extracted_text": "",
      "organisation": "9b2c2df7-0604-49ce-9826-a3ef596cb94a",
      "process": "2adf3525-e80b-46e9-a6a4-20b0adbd75ee",
      "tags": "[\"3\", \"9\", \"16\"]",
      "timestamp": "2024-06-03",
      "doc_type": "INTERNAL",
      "confidentiality": "RESTRICTED",
      "created_by": ["admin"],
      "checksum_sha256": "2c3ca251b56fc717d3e10195619f9529c1717dc66bf62f3d829c90c65ee07f35",
      "created_at": "2026-03-16T10:50:56.913Z",
      "updated_at": "2026-03-16T10:50:56.913Z"
    }
  },
  {
    "model": "core.document",
    "pk": "a2124725-ae4b-4559-bd97-afb17fcbc77e",
    "fields": {
      "title": "Another fast teach common.",
      "file": "documents/bring.pdf",
      "extracted_text": "",
      "organisation": "ea254060-2595-48c5-b3c6-a4c8fe334ee9",
      "process": "d3b3d213-0f6a-482a-88c7-ec7301eb352a",
      "tags": "[\"1\", \"6\", \"12\", \"19\"]",
      "timestamp": "2024-06-08",
      "doc_type": "ENVIRONMENTAL",
      "confidentiality": "INTERNAL",
      "created_by": ["admin"],
      "checksum_sha256": "10af2daaeb7c114a9607aa1612b39723ec8fbe4cfca560d2993192b0145729c7",
      "created_at": "2026-03-16T10:50:56.878Z",
      "updated_at": "2026-03-16T10:50:56.878Z"
    }
  },
  {
    "model": "core.document",
    "pk": "a3b2deca-1778-4b47-baa8-618b3271f3b5",
    "fields": {
      "title": "Anyone follow black.",
      "file": "documents/institution.pdf",
      "extracted_text": "",
      "organisation": "9b2c2df7-0604-49ce-9826-a3ef596cb94a",
      "process": "2adf3525-e80b-46e9-a6a4-20b0adbd75ee",
      "tags": "[\"1\", \"14\"]",
      "timestamp": "2024-05-31",
      "doc_type": "VALMIN",
      "confidentiality": "INTERNAL",
      "created_by": ["admin"],
      "checksum_sha256": "2025ef6f4c72f63fc8397d21ed4132c9fb37a378cafcd9ddf0bedf11894cdd68",
      "created_at": "2026-03-16T10:50:56.912Z",
      "updated_at": "2026-03-16T10:50:56.912Z"
    }
  },
  {
    "model": "core.document",
    "pk": "a6a40fdc-3abc-4095-8569-acd7960cfc77",
    "fields": {
      "title": "Commercial still explain human blood.",
      "file": "documents/beyond.pdf",
      "extracted_text": "",
      "organisation": "ea254060-2595-48c5-b3c6-a4c8fe334ee9",
      "process": "d3b3d213-0f6a-482a-88c7-ec7301eb352a",
      "tags": "[\"11\"]",
      "timestamp": "2024-05-15",
      "doc_type": "COMPLIANCE",
      "confidentiality": "RESTRICTED",
      "created_by": ["admin"],
      "checksum_sha256": "efb9c79d11249680051e0b24a81ac474f8385ecf5f02c8ee895f1a3b9e9579e6",
      "created_at": "2026-03-16T10:50:56.883Z",
      "updated_at": "2026-03-16T10:50:56.883Z"
    }
  },
  {
    "model": "core.document",
    "pk": "ec793971-769c-45b9-936b-4523829c6e6f",
    "fields": {
      "title": "Far year whose recognize friend country.",
      "file": "documents/sort.pdf",
      "extracted_text": "",
      "organisation": "ea254060-2595-48c5-b3c6-a4c8fe334ee9",
      "process": "99eda418-9903-4eeb-babe-6c8c63f20012",
      "tags": "[\"6\", \"7\", \"19\"]",
      "timestamp": "2026-02-15",
      "doc_type": "INTERNAL",
      "confidentiality": "INTERNAL",
      "created_by": ["admin"],
      "checksum_sha256": "41f7ea72cbd5aeb3d36017fd8f5bce729598cb91eea0c684c946c9df4b65dfe0",
      "created_at": "2026-03-16T10:50:56.887Z",
      "updated_at": "2026-03-16T10:50:56.887Z"
    }
  },
  {
    "model": "core.document",
    "pk": "fba15a12-86ed-4693-bf70-4fc2ec5f0ee1",
    "fields": {
      "title": "Off second town approach them almost.",
      "file": "documents/treat.pdf",
      "extracted_text": "",
      "organisation": "9b2c2df7-0604-49ce-9826-a3ef596cb94a",
      "process": "51469fa6-4c00-4c48-937e-0a449dfff7a4",
      "tags": "[\"3\", \"7\", \"17\"]",
      "timestamp": "2025-12-25",
      "doc_type": "TECHNICAL",
      "confidentiality": "RESTRICTED",
      "created_by": ["admin"],
      "checksum_sha256": "01d2d2ee0d7c6c7a3910886059ddbdc26484264d9bb86ef3e5e7e29109d1bb05",
      "created_at": "2026-03-16T10:50:56.915Z",
      "updated_at": "2026-03-16T10:50:56.915Z"
    }
  },
  {
    "model": "core.userprofile",
    "pk": 27,
    "fields": {
      "user": ["admin"],
      "organisation": null,
      "role": "VIEWER",
      "clearance_level": "INTERNAL",
      "department": "",
      "phone": "",
      "employee_id": null,
      "can_approve_jorc": false,
      "can_approve_valmin": false,
      "created_at": "2026-03-16T10:50:55.287Z",
      "updated_at": "2026-03-16T10:50:55.401Z"
    }
  },
  {
    "model": "core.userprofile",
    "pk": 28,
    "fields": {
      "user": ["tyler.giles.5335"],
      "organisation": "ea254060-2595-48c5-b3c6-a4c8fe334ee9",
      "role": "MANAGER",
      "clearance_level": "CONFIDENTIAL",
      "department": "Geology",
      "phone": "938-994-9714x842",
      "employee_id": "EMP-5195",
      "can_approve_jorc": true,
      "can_approve_valmin": true,
      "created_at": "2026-03-16T10:50:55.509Z",
      "updated_at": "2026-03-16T10:50:55.512Z"
    }
  },
  {
    "model": "core.userprofile",
    "pk": 29,
    "fields": {
      "user": ["bonnie.roman.4847"],
      "organisation": "ea254060-2595-48c5-b3c6-a4c8fe334ee9",
      "role": "GEOLOGIST",
      "clearance_level": "PUBLIC",
      "department": "Mining Ops",
      "phone": "277-367-0825x45157",
      "employee_id": "EMP-5878",
      "can_approve_jorc": false,
      "can_approve_valmin": false,
      "created_at": "2026-03-16T10:50:55.620Z",
      "updated_at": "2026-03-16T10:50:55.623Z"
    }
  },
  {
    "model": "core.userprofile",
    "pk": 30,
    "fields": {
      "user": ["steven.fernandez.2098"],
      "organisation": "ea254060-2595-48c5-b3c6-a4c8fe334ee9",
      "role": "GEOLOGIST",
      "clearance_level": "CONFIDENTIAL",
      "department": "Geology",
      "phone": "2215595213",
      "employee_id": "EMP-2827",
      "can_approve_jorc": false,
      "can_approve_valmin": false,
      "created_at": "2026-03-16T10:50:55.730Z",
      "updated_at": "2026-03-16T10:50:55.733Z"
    }
  },
  {
    "model": "core.userprofile",
    "pk": 31,
    "fields": {
      "user": ["gabriel.moreno.180"],
      "organisation": "ea254060-2595-48c5-b3c6-a4c8fe334ee9",
      "role": "ANALYST",
      "clearance_level": "RESTRICTED",
      "department": "Environment",
      "phone": "+1-436-643-4852",
      "employee_id": "EMP-4938",
      "can_approve_jorc": false,
      "can_approve_valmin": false,
      "created_at": "2026-03-16T10:50:55.841Z",
      "updated_at": "2026-03-16T10:50:55.844Z"
    }
  },
  {
    "model": "core.userprofile",
    "pk": 32,
    "fields": {
      "user": ["daniel.richards.3149"],
      "organisation": "466847ce-c886-48e2-8de6-acfc93ac5d49",
      "role": "MANAGER",
      "clearance_level": "INTERNAL",
      "department": "Exploration",
      "phone": "608-873-6760x41673",
      "employee_id": "EMP-7194",
      "can_approve_jorc": true,
      "can_approve_valmin": true,
      "created_at": "2026-03-16T10:50:55.952Z",
      "updated_at": "2026-03-16T10:50:55.956Z"
    }
  },
  {
    "model": "core.userprofile",
    "pk": 33,
    "fields": {
      "user": ["joshua.shaw.1656"],
      "organisation": "466847ce-c886-48e2-8de6-acfc93ac5d49",
      "role": "ANALYST",
      "clearance_level": "CONFIDENTIAL",
      "department": "Geology",
      "phone": "283.519.8051x8739",
      "employee_id": "EMP-2674",
      "can_approve_jorc": false,
      "can_approve_valmin": false,
      "created_at": "2026-03-16T10:50:56.064Z",
      "updated_at": "2026-03-16T10:50:56.067Z"
    }
  },
  {
    "model": "core.userprofile",
    "pk": 34,
    "fields": {
      "user": ["john.owens.4515"],
      "organisation": "466847ce-c886-48e2-8de6-acfc93ac5d49",
      "role": "FIELD_TECH",
      "clearance_level": "CONFIDENTIAL",
      "department": "Compliance",
      "phone": "(841)889-3279x56573",
      "employee_id": "EMP-3544",
      "can_approve_jorc": false,
      "can_approve_valmin": false,
      "created_at": "2026-03-16T10:50:56.175Z",
      "updated_at": "2026-03-16T10:50:56.178Z"
    }
  },
  {
    "model": "core.userprofile",
    "pk": 35,
    "fields": {
      "user": ["mary.waters.6532"],
      "organisation": "466847ce-c886-48e2-8de6-acfc93ac5d49",
      "role": "ADMIN",
      "clearance_level": "RESTRICTED",
      "department": "Mining Ops",
      "phone": "+1-999-387-3025x0378",
      "employee_id": "EMP-1462",
      "can_approve_jorc": false,
      "can_approve_valmin": false,
      "created_at": "2026-03-16T10:50:56.286Z",
      "updated_at": "2026-03-16T10:50:56.290Z"
    }
  },
  {
    "model": "core.userprofile",
    "pk": 36,
    "fields": {
      "user": ["gary.miller.5559"],
      "organisation": "9b2c2df7-0604-49ce-9826-a3ef596cb94a",
      "role": "MANAGER",
      "clearance_level": "INTERNAL",
      "department": "Mining Ops",
      "phone": "+1-290-772-3696x48271",
      "employee_id": "EMP-1887",
      "can_approve_jorc": true,
      "can_approve_valmin": true,
      "created_at": "2026-03-16T10:50:56.398Z",
      "updated_at": "2026-03-16T10:50:56.401Z"
    }
  },
  {
    "model": "core.userprofile",
    "pk": 37,
    "fields": {
      "user": ["daniel.ortega.2101"],
      "organisation": "9b2c2df7-0604-49ce-9826-a3ef596cb94a",
      "role": "MANAGER",
      "clearance_level": "INTERNAL",
      "department": "Environment",
      "phone": "(964)751-8076x919",
      "employee_id": "EMP-4528",
      "can_approve_jorc": false,
      "can_approve_valmin": false,
      "created_at": "2026-03-16T10:50:56.509Z",
      "updated_at": "2026-03-16T10:50:56.514Z"
    }
  },
  {
    "model": "core.userprofile",
    "pk": 38,
    "fields": {
      "user": ["kimberly.reyes.3256"],
      "organisation": "9b2c2df7-0604-49ce-9826-a3ef596cb94a",
      "role": "GEOLOGIST",
      "clearance_level": "RESTRICTED",
      "department": "Geology",
      "phone": "+1-756-999-5963x5391",
      "employee_id": "EMP-6263",
      "can_approve_jorc": false,
      "can_approve_valmin": false,
      "created_at": "2026-03-16T10:50:56.622Z",
      "updated_at": "2026-03-16T10:50:56.625Z"
    }
  },
  {
    "model": "core.userprofile",
    "pk": 39,
    "fields": {
      "user": ["yvonne.young.2221"],
      "organisation": "9b2c2df7-0604-49ce-9826-a3ef596cb94a",
      "role": "GEOLOGIST",
      "clearance_level": "RESTRICTED",
      "department": "Geology",
      "phone": "(298)554-8050x78774",
      "employee_id": "EMP-4415",
      "can_approve_jorc": false,
      "can_approve_valmin": false,
      "created_at": "2026-03-16T10:50:56.734Z",
      "updated_at": "2026-03-16T10:50:56.737Z"
    }
  },
  {
    "model": "core.approvalworkflow",
    "pk": 13,
    "fields": {
      "content_type": ["core", "document"],
      "object_id": "1105232f-8904-4fe7-acc4-8f5c0613ac90",
      "workflow_type": "JORC",
      "status": "REJECTED",
      "submitted_by": ["yvonne.young.2221"],
      "approved_by": ["admin"],
      "submission_notes": "Would assume pull street court. Prepare political until draw job.",
      "approval_notes": "Region want animal fact ten crime.",
      "submitted_at": "2026-03-16T10:50:56.918Z",
      "reviewed_at": "2026-02-01T10:50:56.918Z"
    }
  },
  {
    "model": "core.approvalworkflow",
    "pk": 14,
    "fields": {
      "content_type": ["core", "document"],
      "object_id": "1e30c84a-7d67-4422-bd2f-a08af3125879",
      "workflow_type": "JORC",
      "status": "REJECTED",
      "submitted_by": ["gary.miller.5559"],
      "approved_by": ["daniel.richards.3149"],
      "submission_notes": "Common hot dog station threat.",
      "approval_notes": "Cut relate why none new may.",
      "submitted_at": "2026-03-16T10:50:56.920Z",
      "reviewed_at": "2026-02-02T10:50:56.920Z"
    }
  },
  {
    "model": "core.approvalworkflow",
    "pk": 15,
    "fields": {
      "content_type": ["core", "document"],
      "object_id": "47b22e44-bf3b-49b4-b3b1-3480ae36db54",
      "workflow_type": "JORC",
      "status": "PENDING",
      "submitted_by": ["tyler.giles.5335"],
      "approved_by": null,
      "submission_notes": "Government somebody outside son over.",
      "approval_notes": "",
      "submitted_at": "2026-03-16T10:50:56.922Z",
      "reviewed_at": null
    }
  },
  {
    "model": "core.approvalworkflow",
    "pk": 16,
    "fields": {
      "content_type": ["core", "document"],
      "object_id": "57b9540b-09c1-42f5-933a-14c850e1497c",
      "workflow_type": "JORC",
      "status": "REJECTED",
      "submitted_by": ["yvonne.young.2221"],
      "approved_by": ["gary.miller.5559"],
      "submission_notes": "Force administration anyone market factor.",
      "approval_notes": "Meet choice later throughout kid my.",
      "submitted_at": "2026-03-16T10:50:56.923Z",
      "reviewed_at": "2026-01-26T10:50:56.923Z"
    }
  },
  {
    "model": "core.approvalworkflow",
    "pk": 17,
    "fields": {
      "content_type": ["core", "document"],
      "object_id": "a2124725-ae4b-4559-bd97-afb17fcbc77e",
      "workflow_type": "VALMIN",
      "status": "PENDING",
      "submitted_by": ["gary.miller.5559"],
      "approved_by": null,
      "submission_notes": "Require old Congress could person few.",
      "approval_notes": "",
      "submitted_at": "2026-03-16T10:50:56.925Z",
      "reviewed_at": null
    }
  },
  {
    "model": "core.approvalworkflow",
    "pk": 18,
    "fields": {
      "content_type": ["core", "document"],
      "object_id": "a3b2deca-1778-4b47-baa8-618b3271f3b5",
      "workflow_type": "VALMIN",
      "status": "APPROVED",
      "submitted_by": ["kimberly.reyes.3256"],
      "approved_by": ["admin"],
      "submission_notes": "Put room property raise industry control particularly.",
      "approval_notes": "Fear thus situation.",
      "submitted_at": "2026-03-16T10:50:56.927Z",
      "reviewed_at": "2026-03-10T10:50:56.927Z"
    }
  },
  {
    "model": "core.auditlog",
    "pk": 41,
    "fields": {
      "user": ["steven.fernandez.2098"],
      "action": "VIEW",
      "content_type": ["core", "document"],
      "object_id": "60f288ed-941c-40de-9c18-b6151f1eeb10",
      "description": "Where paper analysis fill suggest possible.",
      "ip_address": "192.168.252.153",
      "user_agent": "Mozilla/5.0 (iPhone; CPU iPhone OS 17_2 like Mac OS X) AppleWebKit/532.2 (KHTML, like Gecko) CriOS/17.0.862.0 Mobile/22T411 Safari/532.2",
      "timestamp": "2026-03-16T10:50:56.930Z"
    }
  },
  {
    "model": "core.auditlog",
    "pk": 42,
    "fields": {
      "user": ["bonnie.roman.4847"],
      "action": "CREATE",
      "content_type": ["core", "document"],
      "object_id": "855ce94a-0ce4-4476-a0af-75c97c3bd201",
      "description": "Phone sea few may tax strong.",
      "ip_address": "192.168.172.128",
      "user_agent": "Opera/9.76.(Windows CE; hi-IN) Presto/2.9.172 Version/12.00",
      "timestamp": "2026-03-16T10:50:56.932Z"
    }
  },
  {
    "model": "core.auditlog",
    "pk": 43,
    "fields": {
      "user": ["admin"],
      "action": "CREATE",
      "content_type": ["core", "document"],
      "object_id": "308c19c5-b5df-418f-9905-b2a0a6d204d4",
      "description": "Practice team shoulder director describe.",
      "ip_address": "172.23.185.160",
      "user_agent": "Mozilla/5.0 (iPod; U; CPU iPhone OS 4_3 like Mac OS X; tr-TR) AppleWebKit/535.47.1 (KHTML, like Gecko) Version/3.0.5 Mobile/8B112 Safari/6535.47.1",
      "timestamp": "2026-03-16T10:50:56.934Z"
    }
  },
  {
    "model": "core.auditlog",
    "pk": 44,
    "fields": {
      "user": ["steven.fernandez.2098"],
      "action": "UPDATE",
      "content_type": ["core", "document"],
      "object_id": "8d2a1106-7a7d-4c01-90a9-80fc9dd28497",
      "description": "History early figure artist subject guess.",
      "ip_address": "10.3.36.20",
      "user_agent": "Mozilla/5.0 (iPod; U; CPU iPhone OS 3_0 like Mac OS X; ti-ET) AppleWebKit/533.12.2 (KHTML, like Gecko) Version/3.0.5 Mobile/8B119 Safari/6533.12.2",
      "timestamp": "2026-03-16T10:50:56.936Z"
    }
  },
  {
    "model": "core.auditlog",
    "pk": 45,
    "fields": {
      "user": ["daniel.richards.3149"],
      "action": "VIEW",
      "content_type": ["core", "document"],
      "object_id": "52fa0db8-055a-4640-95ce-ef052c772cae",
      "description": "Process traditional PM raise country.",
      "ip_address": "192.168.253.250",
      "user_agent": "Mozilla/5.0 (compatible; MSIE 8.0; Windows 98; Trident/4.1)",
      "timestamp": "2026-03-16T10:50:56.938Z"
    }
  },
  {
    "model": "core.auditlog",
    "pk": 46,
    "fields": {
      "user": ["gabriel.moreno.180"],
      "action": "UPDATE",
      "content_type": ["core", "document"],
      "object_id": "60f288ed-941c-40de-9c18-b6151f1eeb10",
      "description": "Security out food.",
      "ip_address": "10.240.126.72",
      "user_agent": "Mozilla/5.0 (Macintosh; U; PPC Mac OS X 10_11_6 rv:4.0; el-CY) AppleWebKit/535.23.2 (KHTML, like Gecko) Version/4.1 Safari/535.23.2",
      "timestamp": "2026-03-16T10:50:56.940Z"
    }
  },
  {
    "model": "core.auditlog",
    "pk": 47,
    "fields": {
      "user": ["admin"],
      "action": "VIEW",
      "content_type": ["core", "document"],
      "object_id": "8d2a1106-7a7d-4c01-90a9-80fc9dd28497",
      "description": "Late painting company church light scientist week.",
      "ip_address": "10.221.122.174",
      "user_agent": "Mozilla/5.0 (Windows NT 10.0; ca-FR; rv:1.9.2.20) Gecko/3590-07-18 01:20:06.771545 Firefox/3.8",
      "timestamp": "2026-03-16T10:50:56.942Z"
    }
  },
  {
    "model": "core.auditlog",
    "pk": 48,
    "fields": {
      "user": ["yvonne.young.2221"],
      "action": "VIEW",
      "content_type": ["core", "document"],
      "object_id": "4982c03b-9100-4dd7-a679-434c82cf9a00",
      "description": "Lot spend poor important Mr feeling stay.",
      "ip_address": "10.90.252.151",
      "user_agent": "Opera/9.66.(X11; Linux x86_64; uk-UA) Presto/2.9.173 Version/11.00",
      "timestamp": "2026-03-16T10:50:56.945Z"
    }
  },
  {
    "model": "core.auditlog",
    "pk": 49,
    "fields": {
      "user": ["mary.waters.6532"],
      "action": "UPDATE",
      "content_type": ["core", "document"],
      "object_id": "6024e73e-578a-40f3-b802-8860dcab2f3a",
      "description": "Assume up something adult.",
      "ip_address": "192.168.178.157",
      "user_agent": "Mozilla/5.0 (Windows; U; Windows 98; Win 9x 4.90) AppleWebKit/534.8.5 (KHTML, like Gecko) Version/4.0.5 Safari/534.8.5",
      "timestamp": "2026-03-16T10:50:56.949Z"
    }
  },
  {
    "model": "core.auditlog",
    "pk": 50,
    "fields": {
      "user": ["yvonne.young.2221"],
      "action": "CREATE",
      "content_type": ["core", "document"],
      "object_id": "1e30c84a-7d67-4422-bd2f-a08af3125879",
      "description": "Test modern word article operation east.",
      "ip_address": "192.168.230.111",
      "user_agent": "Mozilla/5.0 (Windows; U; Windows NT 5.1) AppleWebKit/534.6.7 (KHTML, like Gecko) Version/4.0.4 Safari/534.6.7",
      "timestamp": "2026-03-16T10:50:56.952Z"
    }
  },
  {
    "model": "core.auditlog",
    "pk": 51,
    "fields": {
      "user": ["john.owens.4515"],
      "action": "VIEW",
      "content_type": ["core", "document"],
      "object_id": "1e30c84a-7d67-4422-bd2f-a08af3125879",
      "description": "Price everything begin fact why out.",
      "ip_address": "10.8.199.190",
      "user_agent": "Mozilla/5.0 (Macintosh; PPC Mac OS X 10_7_3; rv:1.9.4.20) Gecko/6776-07-30 09:09:58.738251 Firefox/14.0",
      "timestamp": "2026-03-16T10:50:56.954Z"
    }
  },
  {
    "model": "core.auditlog",
    "pk": 52,
    "fields": {
      "user": ["tyler.giles.5335"],
      "action": "UPDATE",
      "content_type": ["core", "document"],
      "object_id": "60f288ed-941c-40de-9c18-b6151f1eeb10",
      "description": "Assume get popular war dream.",
      "ip_address": "172.22.249.121",
      "user_agent": "Mozilla/5.0 (Android 10; Mobile; rv:50.0) Gecko/50.0 Firefox/50.0",
      "timestamp": "2026-03-16T10:50:56.957Z"
    }
  },
  {
    "model": "core.auditlog",
    "pk": 53,
    "fields": {
      "user": ["daniel.richards.3149"],
      "action": "CREATE",
      "content_type": ["core", "document"],
      "object_id": "a6a40fdc-3abc-4095-8569-acd7960cfc77",
      "description": "Than pull need standard step thank.",
      "ip_address": "10.177.27.9",
      "user_agent": "Mozilla/5.0 (Macintosh; PPC Mac OS X 10_5_0) AppleWebKit/534.1 (KHTML, like Gecko) Chrome/43.0.861.0 Safari/534.1",
      "timestamp": "2026-03-16T10:50:56.959Z"
    }
  },
  {
    "model": "core.auditlog",
    "pk": 54,
    "fields": {
      "user": ["daniel.richards.3149"],
      "action": "CREATE",
      "content_type": ["core", "document"],
      "object_id": "a2124725-ae4b-4559-bd97-afb17fcbc77e",
      "description": "Compare door vote as clear across remain.",
      "ip_address": "10.65.102.66",
      "user_agent": "Mozilla/5.0 (X11; Linux x86_64) AppleWebKit/531.2 (KHTML, like Gecko) Chrome/53.0.884.0 Safari/531.2",
      "timestamp": "2026-03-16T10:50:56.962Z"
    }
  },
  {
    "model": "core.auditlog",
    "pk": 55,
    "fields": {
      "user": ["admin"],
      "action": "UPDATE",
      "content_type": ["core", "document"],
      "object_id": "597e3559-718a-41ed-ba84-b137bf91234b",
      "description": "Western people half American.",
      "ip_address": "172.19.236.46",
      "user_agent": "Mozilla/5.0 (Windows NT 11.0; ber-MA; rv:1.9.2.20) Gecko/2502-04-27 17:21:37.077148 Firefox/3.6.14",
      "timestamp": "2026-03-16T10:50:56.964Z"
    }
  },
  {
    "model": "core.auditlog",
    "pk": 56,
    "fields": {
      "user": ["tyler.giles.5335"],
      "action": "UPDATE",
      "content_type": ["core", "document"],
      "object_id": "39e329ee-d323-4ace-8f6f-38067a83d7c2",
      "description": "Force free happen these right.",
      "ip_address": "10.62.188.141",
      "user_agent": "Mozilla/5.0 (Windows NT 6.1; hne-IN; rv:1.9.0.20) Gecko/7572-02-07 15:19:36.105255 Firefox/3.8",
      "timestamp": "2026-03-16T10:50:56.966Z"
    }
  },
  {
    "model": "core.auditlog",
    "pk": 57,
    "fields": {
      "user": ["tyler.giles.5335"],
      "action": "DELETE",
      "content_type": ["core", "document"],
      "object_id": "8d2a1106-7a7d-4c01-90a9-80fc9dd28497",
      "description": "High factor nice rise itself.",
      "ip_address": "192.168.183.139",
      "user_agent": "Mozilla/5.0 (Linux; Android 7.1.1) AppleWebKit/534.2 (KHTML, like Gecko) Chrome/63.0.804.0 Safari/534.2",
      "timestamp": "2026-03-16T10:50:56.968Z"
    }
  },
  {
    "model": "core.auditlog",
    "pk": 58,
    "fields": {
      "user": ["daniel.richards.3149"],
      "action": "DELETE",
      "content_type": ["core", "document"],
      "object_id": "1e30c84a-7d67-4422-bd2f-a08af3125879",
      "description": "Level reach beyond fact.",
      "ip_address": "10.192.219.34",
      "user_agent": "Mozilla/5.0 (compatible; MSIE 7.0; Windows 95; Trident/4.1)",
      "timestamp": "2026-03-16T10:50:56.970Z"
    }
  },
  {
    "model": "core.auditlog",
    "pk": 59,
    "fields": {
      "user": ["gary.miller.5559"],
      "action": "UPDATE",
      "content_type": ["core", "document"],
      "object_id": "8d2a1106-7a7d-4c01-90a9-80fc9dd28497",
      "description": "Figure play later rate though.",
      "ip_address": "10.213.65.22",
      "user_agent": "Opera/9.33.(Windows NT 6.2; lzh-TW) Presto/2.9.181 Version/12.00",
      "timestamp": "2026-03-16T10:50:56.972Z"
    }
  },
  {
    "model": "core.auditlog",
    "pk": 60,
    "fields": {
      "user": ["kimberly.reyes.3256"],
      "action": "DELETE",
      "content_type": ["core", "document"],
      "object_id": "597e3559-718a-41ed-ba84-b137bf91234b",
      "description": "Could go fish continue.",
      "ip_address": "172.21.123.11",
      "user_agent": "Mozilla/5.0 (Linux; Android 4.3) AppleWebKit/535.0 (KHTML, like Gecko) Chrome/58.0.879.0 Safari/535.0",
      "timestamp": "2026-03-16T10:50:56.975Z"
    }
  },
  {
    "model": "core.documentview",
    "pk": 31,
    "fields": {
      "user": ["daniel.ortega.2101"],
      "document": "6024e73e-578a-40f3-b802-8860dcab2f3a",
      "viewed_at": "2026-03-16T10:50:56.977Z",
      "ip_address": "192.168.219.62"
    }
  },
  {
    "model": "core.documentview",
    "pk": 32,
    "fields": {
      "user": ["tyler.giles.5335"],
      "document": "39e329ee-d323-4ace-8f6f-38067a83d7c2",
      "viewed_at": "2026-03-16T10:50:56.979Z",
      "ip_address": "172.18.143.117"
    }
  },
  {
    "model": "core.documentview",
    "pk": 33,
    "fields": {
      "user": ["gabriel.moreno.180"],
      "document": "59457d11-3212-472b-a85d-ed5ab7cae78f",
      "viewed_at": "2026-03-16T10:50:56.981Z",
      "ip_address": "172.16.158.60"
    }
  },
  {
    "model": "core.documentview",
    "pk": 34,
    "fields": {
      "user": ["bonnie.roman.4847"],
      "document": "a2124725-ae4b-4559-bd97-afb17fcbc77e",
      "viewed_at": "2026-03-16T10:50:56.983Z",
      "ip_address": "192.168.19.187"
    }
  },
  {
    "model": "core.documentview",
    "pk": 35,
    "fields": {
      "user": ["kimberly.reyes.3256"],
      "document": "a2124725-ae4b-4559-bd97-afb17fcbc77e",
      "viewed_at": "2026-03-16T10:50:56.985Z",
      "ip_address": "172.29.181.247"
    }
  },
  {
    "model": "core.documentview",
    "pk": 36,
    "fields": {
      "user": ["kimberly.reyes.3256"],
      "document": "14f6f3aa-d646-4c9e-82c0-0b609e8e258e",
      "viewed_at": "2026-03-16T10:50:56.987Z",
      "ip_address": "192.168.192.197"
    }
  },
  {
    "model": "core.documentview",
    "pk": 37,
    "fields": {
      "user": ["admin"],
      "document": "597e3559-718a-41ed-ba84-b137bf91234b",
      "viewed_at": "2026-03-16T10:50:56.989Z",
      "ip_address": "192.168.57.100"
    }
  },
  {
    "model": "core.documentview",
    "pk": 38,
    "fields": {
      "user": ["admin"],
      "document": "a3b2deca-1778-4b47-baa8-618b3271f3b5",
      "viewed_at": "2026-03-16T10:50:56.992Z",
      "ip_address": "192.168.248.116"
    }
  },
  {
    "model": "core.documentview",
    "pk": 39,
    "fields": {
      "user": ["kimberly.reyes.3256"],
      "document": "263322ad-d6da-408b-9a10-51297162d1c9",
      "viewed_at": "2026-03-16T10:50:56.994Z",
      "ip_address": "192.168.20.217"
    }
  },
  {
    "model": "core.documentview",
    "pk": 40,
    "fields": {
      "user": ["daniel.ortega.2101"],
      "document": "52fa0db8-055a-4640-95ce-ef052c772cae",
      "viewed_at": "2026-03-16T10:50:56.997Z",
      "ip_address": "172.30.187.102"
    }
  },
  {
    "model": "core.documentview",
    "pk": 41,
    "fields": {
      "user": ["steven.fernandez.2098"],
      "document": "52fa0db8-055a-4640-95ce-ef052c772cae",
      "viewed_at": "2026-03-16T10:50:57.000Z",
      "ip_address": "10.128.86.85"
    }
  },
  {
    "model": "core.documentview",
    "pk": 42,
    "fields": {
      "user": ["gary.miller.5559"],
      "document": "a3b2deca-1778-4b47-baa8-618b3271f3b5",
      "viewed_at": "2026-03-16T10:50:57.002Z",
      "ip_address": "172.30.12.221"
    }
  },
  {
    "model": "core.documentview",
    "pk": 43,
    "fields": {
      "user": ["gary.miller.5559"],
      "document": "2c84e247-e7bd-4d8b-84a8-0074f499e643",
      "viewed_at": "2026-03-16T10:50:57.005Z",
      "ip_address": "192.168.64.158"
    }
  },
  {
    "model": "core.documentview",
    "pk": 44,
    "fields": {
      "user": ["steven.fernandez.2098"],
      "document": "a2124725-ae4b-4559-bd97-afb17fcbc77e",
      "viewed_at": "2026-03-16T10:50:57.007Z",
      "ip_address": "172.18.166.6"
    }
  },
  {
    "model": "core.documentview",
    "pk": 45,
    "fields": {
      "user": ["john.owens.4515"],
      "document": "8cacd53f-c44b-4881-a653-b24617f2ec23",
      "viewed_at": "2026-03-16T10:50:57.009Z",
      "ip_address": "192.168.0.165"
    }
  }
]
