[
{
  "model": "auth.group",
  "fields": {
    "name": "Viewers",
    "permissions": [
      [
        "view_approvalworkflow",
        "core",
        "approvalworkflow"
      ],
      [
        "view_auditlog",
        "core",
        "auditlog"
      ],
      [
        "view_document",
        "core",
        "document"
      ],
      [
        "view_documentchunk",
        "core",
        "documentchunk"
      ],
      [
        "view_documentview",
        "core",
        "documentview"
      ],
      [
        "view_drillhole",
        "core",
        "drillhole"
      ],
      [
        "view_organisation",
        "core",
        "organisation"
      ],
      [
        "view_process",
        "core",
        "process"
      ],
      [
        "view_prospect",
        "core",
        "prospect"
      ],
      [
        "view_savedreport",
        "core",
        "savedreport"
      ],
      [
        "view_tenement",
        "core",
        "tenement"
      ],
      [
        "view_userprofile",
        "core",
        "userprofile"
      ]
    ]
  }
},
{
  "model": "auth.group",
  "fields": {
    "name": "Editors",
    "permissions": [
      [
        "add_approvalworkflow",
        "core",
        "approvalworkflow"
      ],
      [
        "change_approvalworkflow",
        "core",
        "approvalworkflow"
      ],
      [
        "view_approvalworkflow",
        "core",
        "approvalworkflow"
      ],
      [
        "add_auditlog",
        "core",
        "auditlog"
      ],
      [
        "change_auditlog",
        "core",
        "auditlog"
      ],
      [
        "view_auditlog",
        "core",
        "auditlog"
      ],
      [
        "add_document",
        "core",
        "document"
      ],
      [
        "change_document",
        "core",
        "document"
      ],
      [
        "view_document",
        "core",
        "document"
      ],
      [
        "add_documentchunk",
        "core",
        "documentchunk"
      ],
      [
        "change_documentchunk",
        "core",
        "documentchunk"
      ],
      [
        "view_documentchunk",
        "core",
        "documentchunk"
      ],
      [
        "add_documentview",
        "core",
        "documentview"
      ],
      [
        "change_documentview",
        "core",
        "documentview"
      ],
      [
        "view_documentview",
        "core",
        "documentview"
      ],
      [
        "add_drillhole",
        "core",
        "drillhole"
      ],
      [
        "change_drillhole",
        "core",
        "drillhole"
      ],
      [
        "view_drillhole",
        "core",
        "drillhole"
      ],
      [
        "add_organisation",
        "core",
        "organisation"
      ],
      [
        "change_organisation",
        "core",
        "organisation"
      ],
      [
        "view_organisation",
        "core",
        "organisation"
      ],
      [
        "add_process",
        "core",
        "process"
      ],
      [
        "change_process",
        "core",
        "process"
      ],
      [
        "view_process",
        "core",
        "process"
      ],
      [
        "add_prospect",
        "core",
        "prospect"
      ],
      [
        "change_prospect",
        "core",
        "prospect"
      ],
      [
        "view_prospect",
        "core",
        "prospect"
      ],
      [
        "add_savedreport",
        "core",
        "savedreport"
      ],
      [
        "change_savedreport",
        "core",
        "savedreport"
      ],
      [
        "view_savedreport",
        "core",
        "savedreport"
      ],
      [
        "add_tenement",
        "core",
        "tenement"
      ],
      [
        "change_tenement",
        "core",
        "tenement"
      ],
      [
        "view_tenement",
        "core",
        "tenement"
      ],
      [
        "add_userprofile",
        "core",
        "userprofile"
      ],
      [
        "change_userprofile",
        "core",
        "userprofile"
      ],
      [
        "view_userprofile",
        "core",
        "userprofile"
      ]
    ]
  }
},
{
  "model": "auth.group",
  "fields": {
    "name": "Managers",
    "permissions": [
      [
        "add_approvalworkflow",
        "core",
        "approvalworkflow"
      ],
      [
        "change_approvalworkflow",
        "core",
        "approvalworkflow"
      ],
      [
        "delete_approvalworkflow",
        "core",
        "approvalworkflow"
      ],
      [
        "view_approvalworkflow",
        "core",
        "approvalworkflow"
      ],
      [
        "add_auditlog",
        "core",
        "auditlog"
      ],
      [
        "change_auditlog",
        "core",
        "auditlog"
      ],
      [
        "delete_auditlog",
        "core",
        "auditlog"
      ],
      [
        "view_auditlog",
        "core",
        "auditlog"
      ],
      [
        "add_document",
        "core",
        "document"
      ],
      [
        "change_document",
        "core",
        "document"
      ],
      [
        "delete_document",
        "core",
        "document"
      ],
      [
        "view_document",
        "core",
        "document"
      ],
      [
        "add_documentchunk",
        "core",
        "documentchunk"
      ],
      [
        "change_documentchunk",
        "core",
        "documentchunk"
      ],
      [
        "delete_documentchunk",
        "core",
        "documentchunk"
      ],
      [
        "view_documentchunk",
        "core",
        "documentchunk"
      ],
      [
        "add_documentview",
        "core",
        "documentview"
      ],
      [
        "change_documentview",
        "core",
        "documentview"
      ],
      [
        "delete_documentview",
        "core",
        "documentview"
      ],
      [
        "view_documentview",
        "core",
        "documentview"
      ],
      [
        "add_drillhole",
        "core",
        "drillhole"
      ],
      [
        "change_drillhole",
        "core",
        "drillhole"
      ],
      [
        "delete_drillhole",
        "core",
        "drillhole"
      ],
      [
        "view_drillhole",
        "core",
        "drillhole"
      ],
      [
        "add_organisation",
        "core",
        "organisation"
      ],
      [
        "change_organisation",
        "core",
        "organisation"
      ],
      [
        "delete_organisation",
        "core",
        "organisation"
      ],
      [
        "view_organisation",
        "core",
        "organisation"
      ],
      [
        "add_process",
        "core",
        "process"
      ],
      [
        "change_process",
        "core",
        "process"
      ],
      [
        "delete_process",
        "core",
        "process"
      ],
      [
        "view_process",
        "core",
        "process"
      ],
      [
        "add_prospect",
        "core",
        "prospect"
      ],
      [
        "change_prospect",
        "core",
        "prospect"
      ],
      [
        "delete_prospect",
        "core",
        "prospect"
      ],
      [
        "view_prospect",
        "core",
        "prospect"
      ],
      [
        "add_savedreport",
        "core",
        "savedreport"
      ],
      [
        "change_savedreport",
        "core",
        "savedreport"
      ],
      [
        "delete_savedreport",
        "core",
        "savedreport"
      ],
      [
        "view_savedreport",
        "core",
        "savedreport"
      ],
      [
        "add_tenement",
        "core",
        "tenement"
      ],
      [
        "change_tenement",
        "core",
        "tenement"
      ],
      [
        "delete_tenement",
        "core",
        "tenement"
      ],
      [
        "view_tenement",
        "core",
        "tenement"
      ],
      [
        "add_userprofile",
        "core",
        "userprofile"
      ],
      [
        "change_userprofile",
        "core",
        "userprofile"
      ],
      [
        "delete_userprofile",
        "core",
        "userprofile"
      ],
      [
        "view_userprofile",
        "core",
        "userprofile"
      ]
    ]
  }
},
{
  "model": "auth.user",
  "fields": {
    "password": "pbkdf2_sha256$1000000$6qO28izoOwsKEHq819CM90$lCcf+2CYqRQUnlVe77eCxgDdBshlCcKFBLngR15ievg=",
    "last_login": null,
    "is_superuser": true,
    "username": "admin",
    "first_name": "Admin",
    "last_name": "User",
    "email": "admin@example.com",
    "is_staff": true,
    "is_active": true,
    "date_joined": "2026-03-30T11:50:21.336Z",
    "groups": [],
    "user_permissions": []
  }
},
{
  "model": "auth.user",
  "fields": {
    "password": "pbkdf2_sha256$1000000$8M3xMhJa8mDlsZWGUB7EBD$Ey/rOT6+VQDXm9l48dqK9Q4KfJMAFgd8CYQkXdhEzuM=",
    "last_login": null,
    "is_superuser": false,
    "username": "tammy.barrett.8744",
    "first_name": "Tammy",
    "last_name": "Barrett",
    "email": "tammy.barrett.8744@gmail.com",
    "is_staff": true,
    "is_active": true,
    "date_joined": "2026-03-30T11:50:21.459Z",
    "groups": [
      [
        "Managers"
      ]
    ],
    "user_permissions": []
  }
},
{
  "model": "auth.user",
  "fields": {
    "password": "pbkdf2_sha256$1000000$reYqQKnaMOzW7edwvPZXwd$vSleH4fcvKNAb3ELwbnvuvHva0CZjn+/q+++NaFj2s8=",
    "last_login": null,
    "is_superuser": false,
    "username": "erin.hinton.7557",
    "first_name": "Erin",
    "last_name": "Hinton",
    "email": "erin.hinton.7557@yahoo.com",
    "is_staff": false,
    "is_active": true,
    "date_joined": "2026-03-30T11:50:21.576Z",
    "groups": [
      [
        "Viewers"
      ]
    ],
    "user_permissions": []
  }
},
{
  "model": "auth.user",
  "fields": {
    "password": "pbkdf2_sha256$1000000$kyw9HIObHS8zZJc551Codf$3wjxhvp/S6Di6ufBbXADP643R/GJHTgtuRPmlzoz5jE=",
    "last_login": null,
    "is_superuser": false,
    "username": "melissa.brown.7592",
    "first_name": "Melissa",
    "last_name": "Brown",
    "email": "melissa.brown.7592@hotmail.com",
    "is_staff": false,
    "is_active": true,
    "date_joined": "2026-03-30T11:50:21.693Z",
    "groups": [
      [
        "Viewers"
      ]
    ],
    "user_permissions": []
  }
},
{
  "model": "auth.user",
  "fields": {
    "password": "pbkdf2_sha256$1000000$NfCLZ1J7qZXSMJXeAwMJv8$WHi++IAnkQWsMffeJhuVnL78JHMJXFDnpSnBiYR9nvk=",
    "last_login": null,
    "is_superuser": false,
    "username": "daniel.lyons.5798",
    "first_name": "Daniel",
    "last_name": "Lyons",
    "email": "daniel.lyons.5798@gmail.com",
    "is_staff": false,
    "is_active": true,
    "date_joined": "2026-03-30T11:50:21.814Z",
    "groups": [
      [
        "Editors"
      ]
    ],
    "user_permissions": []
  }
},
{
  "model": "auth.user",
  "fields": {
    "password": "pbkdf2_sha256$1000000$NrnRj2DpotozyHIrccetxt$pCiSr8yXV5H1P+E2Dcw5O4VPoBBX+X9pDALfsLtlBUs=",
    "last_login": null,
    "is_superuser": false,
    "username": "tara.wallace.2041",
    "first_name": "Tara",
    "last_name": "Wallace",
    "email": "tara.wallace.2041@hotmail.com",
    "is_staff": true,
    "is_active": true,
    "date_joined": "2026-03-30T11:50:21.931Z",
    "groups": [
      [
        "Managers"
      ]
    ],
    "user_permissions": []
  }
},
{
  "model": "auth.user",
  "fields": {
    "password": "pbkdf2_sha256$1000000$FsEf2IlljXtGuHsepnsc1C$aTDf3VVIeKET9IIUCd2VU01U7oORnadj1AjbVFOyLlg=",
    "last_login": null,
    "is_superuser": false,
    "username": "jennifer.nguyen.6785",
    "first_name": "Jennifer",
    "last_name": "Nguyen",
    "email": "jennifer.nguyen.6785@yahoo.com",
    "is_staff": false,
    "is_active": true,
    "date_joined": "2026-03-30T11:50:22.048Z",
    "groups": [
      [
        "Editors"
      ]
    ],
    "user_permissions": []
  }
},
{
  "model": "auth.user",
  "fields": {
    "password": "pbkdf2_sha256$1000000$m5UmNRJd78EZatPzT60VM6$nQitTbD7Tf6BgB7ghTCRpiHb9mb/Qk3+871vO18qEe8=",
    "last_login": null,
    "is_superuser": false,
    "username": "carmen.nelson.3126",
    "first_name": "Carmen",
    "last_name": "Nelson",
    "email": "carmen.nelson.3126@gmail.com",
    "is_staff": false,
    "is_active": true,
    "date_joined": "2026-03-30T11:50:22.166Z",
    "groups": [
      [
        "Editors"
      ]
    ],
    "user_permissions": []
  }
},
{
  "model": "auth.user",
  "fields": {
    "password": "pbkdf2_sha256$1000000$o1jNPknCGpEC0RJo6nXHNU$jnK9HkKGBRMjczIJGftIh0dmUSdtMwgJkvOpoQrpHnc=",
    "last_login": null,
    "is_superuser": false,
    "username": "christopher.allen.189",
    "first_name": "Christopher",
    "last_name": "Allen",
    "email": "christopher.allen.189@gmail.com",
    "is_staff": false,
    "is_active": true,
    "date_joined": "2026-03-30T11:50:22.286Z",
    "groups": [
      [
        "Editors"
      ]
    ],
    "user_permissions": []
  }
},
{
  "model": "auth.user",
  "fields": {
    "password": "pbkdf2_sha256$1000000$Xyk7hcdtZbe2O3srTAn828$GBRsH6o01/ltiIeGx2U/mjCxGf5IPPXy+gPCKpR9g0s=",
    "last_login": null,
    "is_superuser": false,
    "username": "krystal.jones.7906",
    "first_name": "Krystal",
    "last_name": "Jones",
    "email": "krystal.jones.7906@gmail.com",
    "is_staff": true,
    "is_active": true,
    "date_joined": "2026-03-30T11:50:22.408Z",
    "groups": [
      [
        "Managers"
      ]
    ],
    "user_permissions": []
  }
},
{
  "model": "auth.user",
  "fields": {
    "password": "pbkdf2_sha256$1000000$6tyeEZ6qW7yXqBvVCNKbXM$Xk/MaJEv5SFbOKMay01SEZpn92EywHk/RBP+R2tcb+E=",
    "last_login": null,
    "is_superuser": false,
    "username": "daniel.thompson.7933",
    "first_name": "Daniel",
    "last_name": "Thompson",
    "email": "daniel.thompson.7933@yahoo.com",
    "is_staff": false,
    "is_active": true,
    "date_joined": "2026-03-30T11:50:22.536Z",
    "groups": [
      [
        "Editors"
      ]
    ],
    "user_permissions": []
  }
},
{
  "model": "auth.user",
  "fields": {
    "password": "pbkdf2_sha256$1000000$tZQv4NMch3CNRxs5wqMyYG$1SoZG5m3LunCfsp2VuFh9D8liAwKzSciVz8BmuUtM4I=",
    "last_login": null,
    "is_superuser": false,
    "username": "amy.smith.9033",
    "first_name": "Amy",
    "last_name": "Smith",
    "email": "amy.smith.9033@hotmail.com",
    "is_staff": false,
    "is_active": true,
    "date_joined": "2026-03-30T11:50:22.662Z",
    "groups": [
      [
        "Viewers"
      ]
    ],
    "user_permissions": []
  }
},
{
  "model": "auth.user",
  "fields": {
    "password": "pbkdf2_sha256$1000000$NEBT0MLbQF0JTPCPvvQbh9$OYhGPRlVE5XyaYycKyS/cd5lQ81l3nRo/seQPueVmkY=",
    "last_login": null,
    "is_superuser": false,
    "username": "aaron.dorsey.7458",
    "first_name": "Aaron",
    "last_name": "Dorsey",
    "email": "aaron.dorsey.7458@gmail.com",
    "is_staff": false,
    "is_active": true,
    "date_joined": "2026-03-30T11:50:22.781Z",
    "groups": [
      [
        "Editors"
      ]
    ],
    "user_permissions": []
  }
},
{
  "model": "core.organisation",
  "pk": "595980c0-a825-46ee-9f64-0fc7a42c18bc",
  "fields": {
    "name": "Duffy-Simpson",
    "mode": "MINING",
    "created_at": "2026-03-30T11:50:21.332Z",
    "updated_at": "2026-03-30T11:50:21.332Z"
  }
},
{
  "model": "core.organisation",
  "pk": "d23ae49d-46fb-4083-9d94-e9d0572f5c35",
  "fields": {
    "name": "Zhang, Cox and Anderson",
    "mode": "MINING",
    "created_at": "2026-03-30T11:50:21.334Z",
    "updated_at": "2026-03-30T11:50:21.334Z"
  }
},
{
  "model": "core.organisation",
  "pk": "fd0aed58-2434-41b7-b202-68f6d3420c9c",
  "fields": {
    "name": "Davis-Vargas",
    "mode": "EXPLORATION",
    "created_at": "2026-03-30T11:50:21.330Z",
    "updated_at": "2026-03-30T11:50:21.330Z"
  }
},
{
  "model": "core.process",
  "pk": "1d2650d8-d9ae-431e-8958-88e38c1b0551",
  "fields": {
    "name": "North Alanbury Project",
    "organisation": "fd0aed58-2434-41b7-b202-68f6d3420c9c",
    "mode": "OPERATION",
    "geom": "SRID=4326;MULTIPOLYGON (((124.47436317414386 -24.41380248334143, 124.57436317414385 -24.41380248334143, 124.57436317414385 -24.31380248334143, 124.47436317414386 -24.31380248334143, 124.47436317414386 -24.41380248334143)))",
    "commodity": "Iron Ore",
    "created_at": "2026-03-30T11:50:22.908Z",
    "updated_at": "2026-03-30T11:50:22.908Z"
  }
},
{
  "model": "core.process",
  "pk": "2d2db25b-572e-44f1-b010-bdbe23f97536",
  "fields": {
    "name": "Transtad Prospect",
    "organisation": "d23ae49d-46fb-4083-9d94-e9d0572f5c35",
    "mode": "PROJECT",
    "geom": "SRID=4326;MULTIPOLYGON (((141.94532327085568 -27.00155888608431, 142.0453232708557 -27.00155888608431, 142.0453232708557 -26.90155888608431, 141.94532327085568 -26.90155888608431, 141.94532327085568 -27.00155888608431)))",
    "commodity": "Zinc",
    "created_at": "2026-03-30T11:50:22.916Z",
    "updated_at": "2026-03-30T11:50:22.916Z"
  }
},
{
  "model": "core.process",
  "pk": "7c53e664-0d50-459a-bca9-8ddb460d9297",
  "fields": {
    "name": "Halltown Mine",
    "organisation": "595980c0-a825-46ee-9f64-0fc7a42c18bc",
    "mode": "PROJECT",
    "geom": "SRID=4326;MULTIPOLYGON (((135.2377199561447 -24.445578799993278, 135.33771995614472 -24.445578799993278, 135.33771995614472 -24.345578799993277, 135.2377199561447 -24.345578799993277, 135.2377199561447 -24.445578799993278)))",
    "commodity": "Zinc",
    "created_at": "2026-03-30T11:50:22.913Z",
    "updated_at": "2026-03-30T11:50:22.913Z"
  }
},
{
  "model": "core.process",
  "pk": "90beb7d6-7517-425b-9411-be982d476d08",
  "fields": {
    "name": "North Daleton Prospect",
    "organisation": "d23ae49d-46fb-4083-9d94-e9d0572f5c35",
    "mode": "OPERATION",
    "geom": "SRID=4326;MULTIPOLYGON (((115.48002565229378 -22.115510675167066, 115.58002565229377 -22.115510675167066, 115.58002565229377 -22.015510675167064, 115.48002565229378 -22.015510675167064, 115.48002565229378 -22.115510675167066)))",
    "commodity": "Copper",
    "created_at": "2026-03-30T11:50:22.914Z",
    "updated_at": "2026-03-30T11:50:22.914Z"
  }
},
{
  "model": "core.process",
  "pk": "a15eaa77-bf84-45b8-88c3-9d571ad7a554",
  "fields": {
    "name": "New Roberto Project",
    "organisation": "595980c0-a825-46ee-9f64-0fc7a42c18bc",
    "mode": "OPERATION",
    "geom": "SRID=4326;MULTIPOLYGON (((115.94102010315305 -25.609554475491354, 116.04102010315304 -25.609554475491354, 116.04102010315304 -25.509554475491353, 115.94102010315305 -25.509554475491353, 115.94102010315305 -25.609554475491354)))",
    "commodity": "Coal",
    "created_at": "2026-03-30T11:50:22.911Z",
    "updated_at": "2026-03-30T11:50:22.911Z"
  }
},
{
  "model": "core.process",
  "pk": "aee840bc-a037-4f1b-8037-4f8d218ffc93",
  "fields": {
    "name": "Andreabury Prospect",
    "organisation": "595980c0-a825-46ee-9f64-0fc7a42c18bc",
    "mode": "OPERATION",
    "geom": "SRID=4326;MULTIPOLYGON (((136.83134486804633 -24.88087687496283, 136.93134486804635 -24.88087687496283, 136.93134486804635 -24.78087687496283, 136.83134486804633 -24.78087687496283, 136.83134486804633 -24.88087687496283)))",
    "commodity": "Lithium",
    "created_at": "2026-03-30T11:50:22.909Z",
    "updated_at": "2026-03-30T11:50:22.909Z"
  }
},
{
  "model": "core.process",
  "pk": "db560d24-e19d-429f-815f-a9e40729f9e3",
  "fields": {
    "name": "East Hunterville Prospect",
    "organisation": "fd0aed58-2434-41b7-b202-68f6d3420c9c",
    "mode": "PROJECT",
    "geom": "SRID=4326;MULTIPOLYGON (((128.15840034339823 -19.5798580189906, 128.25840034339825 -19.5798580189906, 128.25840034339825 -19.479858018990598, 128.15840034339823 -19.479858018990598, 128.15840034339823 -19.5798580189906)))",
    "commodity": "Copper",
    "created_at": "2026-03-30T11:50:22.906Z",
    "updated_at": "2026-03-30T11:50:22.906Z"
  }
},
{
  "model": "core.process",
  "pk": "e8338026-2306-4a41-9762-a8b60c6259ca",
  "fields": {
    "name": "New Matthewside Mine",
    "organisation": "d23ae49d-46fb-4083-9d94-e9d0572f5c35",
    "mode": "OPERATION",
    "geom": "SRID=4326;MULTIPOLYGON (((115.80606561749246 -25.70685222701693, 115.90606561749246 -25.70685222701693, 115.90606561749246 -25.60685222701693, 115.80606561749246 -25.60685222701693, 115.80606561749246 -25.70685222701693)))",
    "commodity": "Gold",
    "created_at": "2026-03-30T11:50:22.917Z",
    "updated_at": "2026-03-30T11:50:22.917Z"
  }
},
{
  "model": "core.process",
  "pk": "f10c33f0-d109-4644-82bc-bb33877bd20e",
  "fields": {
    "name": "New Tracy Mine",
    "organisation": "fd0aed58-2434-41b7-b202-68f6d3420c9c",
    "mode": "OPERATION",
    "geom": "SRID=4326;MULTIPOLYGON (((148.02090484352962 -22.103741997511268, 148.12090484352964 -22.103741997511268, 148.12090484352964 -22.003741997511266, 148.02090484352962 -22.003741997511266, 148.02090484352962 -22.103741997511268)))",
    "commodity": "Copper",
    "created_at": "2026-03-30T11:50:22.900Z",
    "updated_at": "2026-03-30T11:50:22.900Z"
  }
},
{
  "model": "core.drillhole",
  "pk": "0c8042c4-f1ea-44dd-9189-812e4f712cf1",
  "fields": {
    "name": "DH-NEWTRAC-003",
    "organisation": "fd0aed58-2434-41b7-b202-68f6d3420c9c",
    "process": "f10c33f0-d109-4644-82bc-bb33877bd20e",
    "collar_location": "SRID=4326;POINT (132.1080520080985 -22.8185291832975)",
    "depth": 400.32,
    "azimuth": 251.9,
    "dip": -88.02,
    "created_at": "2026-03-30T11:50:22.920Z",
    "updated_at": "2026-03-30T11:50:22.920Z"
  }
},
{
  "model": "core.drillhole",
  "pk": "123b682c-9d61-4e0a-b35e-5f0c6cf523b9",
  "fields": {
    "name": "DH-NORTHAL-001",
    "organisation": "fd0aed58-2434-41b7-b202-68f6d3420c9c",
    "process": "1d2650d8-d9ae-431e-8958-88e38c1b0551",
    "collar_location": "SRID=4326;POINT (119.0286365176946 -27.56827275301498)",
    "depth": 83.73,
    "azimuth": 15.91,
    "dip": -39.0,
    "created_at": "2026-03-30T11:50:22.925Z",
    "updated_at": "2026-03-30T11:50:22.925Z"
  }
},
{
  "model": "core.drillhole",
  "pk": "1579f08f-aa34-434a-b880-da668951b6aa",
  "fields": {
    "name": "DH-NORTHAL-003",
    "organisation": "fd0aed58-2434-41b7-b202-68f6d3420c9c",
    "process": "1d2650d8-d9ae-431e-8958-88e38c1b0551",
    "collar_location": "SRID=4326;POINT (145.20121976406153 -31.538678013564915)",
    "depth": 249.78,
    "azimuth": 196.73,
    "dip": -50.19,
    "created_at": "2026-03-30T11:50:22.927Z",
    "updated_at": "2026-03-30T11:50:22.927Z"
  }
},
{
  "model": "core.drillhole",
  "pk": "19378142-26b7-4060-b1f1-8bef95e01e87",
  "fields": {
    "name": "DH-NEWROBE-001",
    "organisation": "595980c0-a825-46ee-9f64-0fc7a42c18bc",
    "process": "a15eaa77-bf84-45b8-88c3-9d571ad7a554",
    "collar_location": "SRID=4326;POINT (145.4468100970411 -34.85982418345646)",
    "depth": 213.59,
    "azimuth": 277.39,
    "dip": -27.28,
    "created_at": "2026-03-30T11:50:22.932Z",
    "updated_at": "2026-03-30T11:50:22.932Z"
  }
},
{
  "model": "core.drillhole",
  "pk": "2a4a4a44-ac73-4ab9-b929-cbf09bc44079",
  "fields": {
    "name": "DH-NEWMATT-004",
    "organisation": "d23ae49d-46fb-4083-9d94-e9d0572f5c35",
    "process": "e8338026-2306-4a41-9762-a8b60c6259ca",
    "collar_location": "SRID=4326;POINT (119.39917995145765 -27.80003649073829)",
    "depth": 743.63,
    "azimuth": 104.29,
    "dip": -51.15,
    "created_at": "2026-03-30T11:50:22.949Z",
    "updated_at": "2026-03-30T11:50:22.949Z"
  }
},
{
  "model": "core.drillhole",
  "pk": "2cfda353-9d79-42d4-b17e-1ed96ef08ae0",
  "fields": {
    "name": "DH-NEWMATT-002",
    "organisation": "d23ae49d-46fb-4083-9d94-e9d0572f5c35",
    "process": "e8338026-2306-4a41-9762-a8b60c6259ca",
    "collar_location": "SRID=4326;POINT (149.5489954624297 -23.696325234252935)",
    "depth": 530.28,
    "azimuth": 270.67,
    "dip": -32.74,
    "created_at": "2026-03-30T11:50:22.947Z",
    "updated_at": "2026-03-30T11:50:22.947Z"
  }
},
{
  "model": "core.drillhole",
  "pk": "387617e5-9119-4e3b-90bc-0237e89a0f46",
  "fields": {
    "name": "DH-NORTHDA-003",
    "organisation": "d23ae49d-46fb-4083-9d94-e9d0572f5c35",
    "process": "90beb7d6-7517-425b-9411-be982d476d08",
    "collar_location": "SRID=4326;POINT (146.72336877454754 -20.559628881042496)",
    "depth": 332.31,
    "azimuth": 200.77,
    "dip": -35.51,
    "created_at": "2026-03-30T11:50:22.941Z",
    "updated_at": "2026-03-30T11:50:22.941Z"
  }
},
{
  "model": "core.drillhole",
  "pk": "4bd73eda-29c1-42df-9b0c-a0fd344df9d3",
  "fields": {
    "name": "DH-TRANSTAD-004",
    "organisation": "d23ae49d-46fb-4083-9d94-e9d0572f5c35",
    "process": "2d2db25b-572e-44f1-b010-bdbe23f97536",
    "collar_location": "SRID=4326;POINT (148.77993409760677 -30.415418212728113)",
    "depth": 81.74,
    "azimuth": 296.77,
    "dip": -29.46,
    "created_at": "2026-03-30T11:50:22.945Z",
    "updated_at": "2026-03-30T11:50:22.945Z"
  }
},
{
  "model": "core.drillhole",
  "pk": "4ea73fa7-e956-4d5c-ac35-075748018200",
  "fields": {
    "name": "DH-ANDREABU-002",
    "organisation": "595980c0-a825-46ee-9f64-0fc7a42c18bc",
    "process": "aee840bc-a037-4f1b-8037-4f8d218ffc93",
    "collar_location": "SRID=4326;POINT (131.8015789191163 -20.10748390547161)",
    "depth": 584.05,
    "azimuth": 276.1,
    "dip": -43.47,
    "created_at": "2026-03-30T11:50:22.929Z",
    "updated_at": "2026-03-30T11:50:22.929Z"
  }
},
{
  "model": "core.drillhole",
  "pk": "57db05d0-edee-4e19-aee9-c19be918f4de",
  "fields": {
    "name": "DH-NEWTRAC-002",
    "organisation": "fd0aed58-2434-41b7-b202-68f6d3420c9c",
    "process": "f10c33f0-d109-4644-82bc-bb33877bd20e",
    "collar_location": "SRID=4326;POINT (116.74022327989529 -23.57634140934445)",
    "depth": 770.25,
    "azimuth": 209.25,
    "dip": -54.23,
    "created_at": "2026-03-30T11:50:22.919Z",
    "updated_at": "2026-03-30T11:50:22.919Z"
  }
},
{
  "model": "core.drillhole",
  "pk": "5a5fe07e-b10b-46ec-a3d5-1dc57ff5f595",
  "fields": {
    "name": "DH-ANDREABU-001",
    "organisation": "595980c0-a825-46ee-9f64-0fc7a42c18bc",
    "process": "aee840bc-a037-4f1b-8037-4f8d218ffc93",
    "collar_location": "SRID=4326;POINT (118.63685628642745 -26.033035926892758)",
    "depth": 407.1,
    "azimuth": 187.6,
    "dip": -61.69,
    "created_at": "2026-03-30T11:50:22.929Z",
    "updated_at": "2026-03-30T11:50:22.929Z"
  }
},
{
  "model": "core.drillhole",
  "pk": "67b45cee-8c88-47e3-b668-d54fec6b1b59",
  "fields": {
    "name": "DH-HALLTOWN-003",
    "organisation": "595980c0-a825-46ee-9f64-0fc7a42c18bc",
    "process": "7c53e664-0d50-459a-bca9-8ddb460d9297",
    "collar_location": "SRID=4326;POINT (119.1626373108662 -24.510374282112235)",
    "depth": 495.04,
    "azimuth": 205.13,
    "dip": -18.99,
    "created_at": "2026-03-30T11:50:22.937Z",
    "updated_at": "2026-03-30T11:50:22.937Z"
  }
},
{
  "model": "core.drillhole",
  "pk": "69a5fa97-e96a-4ede-a3a0-c66264906948",
  "fields": {
    "name": "DH-HALLTOWN-001",
    "organisation": "595980c0-a825-46ee-9f64-0fc7a42c18bc",
    "process": "7c53e664-0d50-459a-bca9-8ddb460d9297",
    "collar_location": "SRID=4326;POINT (124.53733271832257 -20.328059209474347)",
    "depth": 588.91,
    "azimuth": 149.88,
    "dip": -6.97,
    "created_at": "2026-03-30T11:50:22.935Z",
    "updated_at": "2026-03-30T11:50:22.935Z"
  }
},
{
  "model": "core.drillhole",
  "pk": "6af907c6-4b9d-4358-84f0-1f1d97170300",
  "fields": {
    "name": "DH-EASTHUN-002",
    "organisation": "fd0aed58-2434-41b7-b202-68f6d3420c9c",
    "process": "db560d24-e19d-429f-815f-a9e40729f9e3",
    "collar_location": "SRID=4326;POINT (147.4653930151735 -20.362428394893342)",
    "depth": 620.49,
    "azimuth": 66.71,
    "dip": -13.91,
    "created_at": "2026-03-30T11:50:22.922Z",
    "updated_at": "2026-03-30T11:50:22.922Z"
  }
},
{
  "model": "core.drillhole",
  "pk": "6ceda2a9-4f57-4039-bbfa-8de728eb0046",
  "fields": {
    "name": "DH-NEWTRAC-001",
    "organisation": "fd0aed58-2434-41b7-b202-68f6d3420c9c",
    "process": "f10c33f0-d109-4644-82bc-bb33877bd20e",
    "collar_location": "SRID=4326;POINT (125.96255454419 -22.88958176534281)",
    "depth": 153.69,
    "azimuth": 239.18,
    "dip": -30.19,
    "created_at": "2026-03-30T11:50:22.918Z",
    "updated_at": "2026-03-30T11:50:22.918Z"
  }
},
{
  "model": "core.drillhole",
  "pk": "6d67352c-6e37-47af-b792-c6031ed11469",
  "fields": {
    "name": "DH-NORTHDA-001",
    "organisation": "d23ae49d-46fb-4083-9d94-e9d0572f5c35",
    "process": "90beb7d6-7517-425b-9411-be982d476d08",
    "collar_location": "SRID=4326;POINT (131.92501894173924 -30.504281089676553)",
    "depth": 128.31,
    "azimuth": 191.21,
    "dip": -23.26,
    "created_at": "2026-03-30T11:50:22.939Z",
    "updated_at": "2026-03-30T11:50:22.939Z"
  }
},
{
  "model": "core.drillhole",
  "pk": "72e3fe69-e0fd-48f7-8033-710a50daebaf",
  "fields": {
    "name": "DH-EASTHUN-001",
    "organisation": "fd0aed58-2434-41b7-b202-68f6d3420c9c",
    "process": "db560d24-e19d-429f-815f-a9e40729f9e3",
    "collar_location": "SRID=4326;POINT (123.79483843655765 -31.361398366588197)",
    "depth": 781.24,
    "azimuth": 174.59,
    "dip": -89.32,
    "created_at": "2026-03-30T11:50:22.922Z",
    "updated_at": "2026-03-30T11:50:22.922Z"
  }
},
{
  "model": "core.drillhole",
  "pk": "7c7f76a3-0eec-4fee-a32a-bd2da8263f29",
  "fields": {
    "name": "DH-TRANSTAD-002",
    "organisation": "d23ae49d-46fb-4083-9d94-e9d0572f5c35",
    "process": "2d2db25b-572e-44f1-b010-bdbe23f97536",
    "collar_location": "SRID=4326;POINT (129.6997416310741 -20.286303178966584)",
    "depth": 349.29,
    "azimuth": 315.11,
    "dip": -55.32,
    "created_at": "2026-03-30T11:50:22.943Z",
    "updated_at": "2026-03-30T11:50:22.943Z"
  }
},
{
  "model": "core.drillhole",
  "pk": "81fe174c-e499-4b6f-a319-ee7f93a157d8",
  "fields": {
    "name": "DH-EASTHUN-004",
    "organisation": "fd0aed58-2434-41b7-b202-68f6d3420c9c",
    "process": "db560d24-e19d-429f-815f-a9e40729f9e3",
    "collar_location": "SRID=4326;POINT (127.86267739228624 -31.330068636704418)",
    "depth": 679.14,
    "azimuth": 319.21,
    "dip": -4.5,
    "created_at": "2026-03-30T11:50:22.924Z",
    "updated_at": "2026-03-30T11:50:22.924Z"
  }
},
{
  "model": "core.drillhole",
  "pk": "8948fece-e8ab-43e7-9e81-288729776452",
  "fields": {
    "name": "DH-NORTHDA-002",
    "organisation": "d23ae49d-46fb-4083-9d94-e9d0572f5c35",
    "process": "90beb7d6-7517-425b-9411-be982d476d08",
    "collar_location": "SRID=4326;POINT (146.70316726493894 -30.230041661751308)",
    "depth": 747.26,
    "azimuth": 322.24,
    "dip": -76.39,
    "created_at": "2026-03-30T11:50:22.940Z",
    "updated_at": "2026-03-30T11:50:22.940Z"
  }
},
{
  "model": "core.drillhole",
  "pk": "955eb626-ae49-4a7f-b2a3-030fc94bb60f",
  "fields": {
    "name": "DH-NORTHAL-004",
    "organisation": "fd0aed58-2434-41b7-b202-68f6d3420c9c",
    "process": "1d2650d8-d9ae-431e-8958-88e38c1b0551",
    "collar_location": "SRID=4326;POINT (125.78898316809264 -32.128356459841676)",
    "depth": 596.01,
    "azimuth": 260.61,
    "dip": -74.36,
    "created_at": "2026-03-30T11:50:22.928Z",
    "updated_at": "2026-03-30T11:50:22.928Z"
  }
},
{
  "model": "core.drillhole",
  "pk": "995b1015-296c-4ccb-b51e-0e46684e2d56",
  "fields": {
    "name": "DH-ANDREABU-003",
    "organisation": "595980c0-a825-46ee-9f64-0fc7a42c18bc",
    "process": "aee840bc-a037-4f1b-8037-4f8d218ffc93",
    "collar_location": "SRID=4326;POINT (127.23459133346833 -31.920092980778804)",
    "depth": 516.08,
    "azimuth": 307.29,
    "dip": -67.6,
    "created_at": "2026-03-30T11:50:22.930Z",
    "updated_at": "2026-03-30T11:50:22.930Z"
  }
},
{
  "model": "core.drillhole",
  "pk": "a1d45a35-8835-4308-86ad-7c81c2019b82",
  "fields": {
    "name": "DH-NEWTRAC-004",
    "organisation": "fd0aed58-2434-41b7-b202-68f6d3420c9c",
    "process": "f10c33f0-d109-4644-82bc-bb33877bd20e",
    "collar_location": "SRID=4326;POINT (120.96158522140355 -24.25491114737448)",
    "depth": 407.51,
    "azimuth": 14.29,
    "dip": -51.69,
    "created_at": "2026-03-30T11:50:22.921Z",
    "updated_at": "2026-03-30T11:50:22.921Z"
  }
},
{
  "model": "core.drillhole",
  "pk": "a4c08f6d-156b-4504-85cc-252630452244",
  "fields": {
    "name": "DH-NEWROBE-004",
    "organisation": "595980c0-a825-46ee-9f64-0fc7a42c18bc",
    "process": "a15eaa77-bf84-45b8-88c3-9d571ad7a554",
    "collar_location": "SRID=4326;POINT (132.19247289549892 -26.692832113883725)",
    "depth": 422.4,
    "azimuth": 235.5,
    "dip": -85.39,
    "created_at": "2026-03-30T11:50:22.934Z",
    "updated_at": "2026-03-30T11:50:22.934Z"
  }
},
{
  "model": "core.drillhole",
  "pk": "acb76987-31bc-42f4-b273-33361134fb30",
  "fields": {
    "name": "DH-ANDREABU-004",
    "organisation": "595980c0-a825-46ee-9f64-0fc7a42c18bc",
    "process": "aee840bc-a037-4f1b-8037-4f8d218ffc93",
    "collar_location": "SRID=4326;POINT (139.6745225639091 -25.137325475666415)",
    "depth": 445.53,
    "azimuth": 267.85,
    "dip": -42.73,
    "created_at": "2026-03-30T11:50:22.931Z",
    "updated_at": "2026-03-30T11:50:22.931Z"
  }
},
{
  "model": "core.drillhole",
  "pk": "b082d1c6-7311-47db-9fa0-6f9bfc79abea",
  "fields": {
    "name": "DH-NEWMATT-001",
    "organisation": "d23ae49d-46fb-4083-9d94-e9d0572f5c35",
    "process": "e8338026-2306-4a41-9762-a8b60c6259ca",
    "collar_location": "SRID=4326;POINT (143.0568822624505 -25.252188629055134)",
    "depth": 715.0,
    "azimuth": 134.73,
    "dip": -38.03,
    "created_at": "2026-03-30T11:50:22.946Z",
    "updated_at": "2026-03-30T11:50:22.946Z"
  }
},
{
  "model": "core.drillhole",
  "pk": "b8eaad09-1973-4f83-b7e6-ccbdd2595d6f",
  "fields": {
    "name": "DH-EASTHUN-003",
    "organisation": "fd0aed58-2434-41b7-b202-68f6d3420c9c",
    "process": "db560d24-e19d-429f-815f-a9e40729f9e3",
    "collar_location": "SRID=4326;POINT (122.33622845446224 -23.16008969179761)",
    "depth": 665.88,
    "azimuth": 333.51,
    "dip": -35.57,
    "created_at": "2026-03-30T11:50:22.923Z",
    "updated_at": "2026-03-30T11:50:22.923Z"
  }
},
{
  "model": "core.drillhole",
  "pk": "ba5984b8-0952-4c1d-bde6-6153d54085ac",
  "fields": {
    "name": "DH-HALLTOWN-004",
    "organisation": "595980c0-a825-46ee-9f64-0fc7a42c18bc",
    "process": "7c53e664-0d50-459a-bca9-8ddb460d9297",
    "collar_location": "SRID=4326;POINT (119.59295140385788 -30.396271030619523)",
    "depth": 797.07,
    "azimuth": 182.34,
    "dip": -35.44,
    "created_at": "2026-03-30T11:50:22.938Z",
    "updated_at": "2026-03-30T11:50:22.938Z"
  }
},
{
  "model": "core.drillhole",
  "pk": "d5999c3b-c86b-44a6-9324-39fd74d41cb6",
  "fields": {
    "name": "DH-NORTHAL-002",
    "organisation": "fd0aed58-2434-41b7-b202-68f6d3420c9c",
    "process": "1d2650d8-d9ae-431e-8958-88e38c1b0551",
    "collar_location": "SRID=4326;POINT (130.7381130429465 -27.471030725522816)",
    "depth": 296.75,
    "azimuth": 327.4,
    "dip": -77.21,
    "created_at": "2026-03-30T11:50:22.926Z",
    "updated_at": "2026-03-30T11:50:22.926Z"
  }
},
{
  "model": "core.drillhole",
  "pk": "d5ba68e9-7f38-4218-9523-2bafe46b0d32",
  "fields": {
    "name": "DH-HALLTOWN-002",
    "organisation": "595980c0-a825-46ee-9f64-0fc7a42c18bc",
    "process": "7c53e664-0d50-459a-bca9-8ddb460d9297",
    "collar_location": "SRID=4326;POINT (119.36544199934795 -31.52498200142501)",
    "depth": 639.41,
    "azimuth": 25.37,
    "dip": -20.6,
    "created_at": "2026-03-30T11:50:22.936Z",
    "updated_at": "2026-03-30T11:50:22.936Z"
  }
},
{
  "model": "core.drillhole",
  "pk": "d7436b3d-adde-4986-a97e-33518e01e593",
  "fields": {
    "name": "DH-NORTHDA-004",
    "organisation": "d23ae49d-46fb-4083-9d94-e9d0572f5c35",
    "process": "90beb7d6-7517-425b-9411-be982d476d08",
    "collar_location": "SRID=4326;POINT (115.45821790415454 -23.62146390859923)",
    "depth": 795.81,
    "azimuth": 217.63,
    "dip": -83.98,
    "created_at": "2026-03-30T11:50:22.942Z",
    "updated_at": "2026-03-30T11:50:22.942Z"
  }
},
{
  "model": "core.drillhole",
  "pk": "dce94b6c-6c96-406a-bc89-ae9ec7b38585",
  "fields": {
    "name": "DH-NEWROBE-002",
    "organisation": "595980c0-a825-46ee-9f64-0fc7a42c18bc",
    "process": "a15eaa77-bf84-45b8-88c3-9d571ad7a554",
    "collar_location": "SRID=4326;POINT (116.26601545876694 -31.20578038586399)",
    "depth": 773.9,
    "azimuth": 244.73,
    "dip": -65.28,
    "created_at": "2026-03-30T11:50:22.933Z",
    "updated_at": "2026-03-30T11:50:22.933Z"
  }
},
{
  "model": "core.drillhole",
  "pk": "ddfb0bc8-069c-47aa-8293-bc782a79483c",
  "fields": {
    "name": "DH-NEWMATT-003",
    "organisation": "d23ae49d-46fb-4083-9d94-e9d0572f5c35",
    "process": "e8338026-2306-4a41-9762-a8b60c6259ca",
    "collar_location": "SRID=4326;POINT (141.04713352481787 -27.307359648980075)",
    "depth": 697.65,
    "azimuth": 57.2,
    "dip": -53.41,
    "created_at": "2026-03-30T11:50:22.948Z",
    "updated_at": "2026-03-30T11:50:22.948Z"
  }
},
{
  "model": "core.drillhole",
  "pk": "eca39ca8-001b-4805-8349-00f3b0298eba",
  "fields": {
    "name": "DH-TRANSTAD-001",
    "organisation": "d23ae49d-46fb-4083-9d94-e9d0572f5c35",
    "process": "2d2db25b-572e-44f1-b010-bdbe23f97536",
    "collar_location": "SRID=4326;POINT (116.4887286993969 -28.721997613866353)",
    "depth": 200.69,
    "azimuth": 187.83,
    "dip": -41.16,
    "created_at": "2026-03-30T11:50:22.942Z",
    "updated_at": "2026-03-30T11:50:22.942Z"
  }
},
{
  "model": "core.drillhole",
  "pk": "f35f259e-dc08-430f-a9a8-bd47a1832819",
  "fields": {
    "name": "DH-NEWROBE-003",
    "organisation": "595980c0-a825-46ee-9f64-0fc7a42c18bc",
    "process": "a15eaa77-bf84-45b8-88c3-9d571ad7a554",
    "collar_location": "SRID=4326;POINT (148.65720361342957 -19.280201745662346)",
    "depth": 91.93,
    "azimuth": 201.89,
    "dip": -78.61,
    "created_at": "2026-03-30T11:50:22.934Z",
    "updated_at": "2026-03-30T11:50:22.934Z"
  }
},
{
  "model": "core.drillhole",
  "pk": "fbb52f93-9e1f-43f0-9d5a-ed4ae471e097",
  "fields": {
    "name": "DH-TRANSTAD-003",
    "organisation": "d23ae49d-46fb-4083-9d94-e9d0572f5c35",
    "process": "2d2db25b-572e-44f1-b010-bdbe23f97536",
    "collar_location": "SRID=4326;POINT (147.11627573838174 -27.875499516091395)",
    "depth": 792.53,
    "azimuth": 36.27,
    "dip": -87.68,
    "created_at": "2026-03-30T11:50:22.944Z",
    "updated_at": "2026-03-30T11:50:22.944Z"
  }
},
{
  "model": "core.prospect",
  "pk": "02e53fd1-bc2e-4ca6-8308-6b5426e33b53",
  "fields": {
    "name": "Wong Deposit",
    "organisation": "fd0aed58-2434-41b7-b202-68f6d3420c9c",
    "process": "f10c33f0-d109-4644-82bc-bb33877bd20e",
    "geom": "SRID=4326;POINT (130.68590419253414 -25.5246503378676)",
    "created_at": "2026-03-30T11:50:22.951Z",
    "updated_at": "2026-03-30T11:50:22.951Z"
  }
},
{
  "model": "core.prospect",
  "pk": "15acbe37-c2ab-44af-bdcf-28cca7d9bada",
  "fields": {
    "name": "Rojas Zone",
    "organisation": "fd0aed58-2434-41b7-b202-68f6d3420c9c",
    "process": "1d2650d8-d9ae-431e-8958-88e38c1b0551",
    "geom": "SRID=4326;POINT (136.74830287878342 -31.859328379000214)",
    "created_at": "2026-03-30T11:50:22.956Z",
    "updated_at": "2026-03-30T11:50:22.956Z"
  }
},
{
  "model": "core.prospect",
  "pk": "2bab0110-b596-4c6c-bf5e-f0dd1f484fd7",
  "fields": {
    "name": "Ayala Deposit",
    "organisation": "fd0aed58-2434-41b7-b202-68f6d3420c9c",
    "process": "f10c33f0-d109-4644-82bc-bb33877bd20e",
    "geom": "SRID=4326;POINT (132.06563328684825 -24.617715567639145)",
    "created_at": "2026-03-30T11:50:22.950Z",
    "updated_at": "2026-03-30T11:50:22.950Z"
  }
},
{
  "model": "core.prospect",
  "pk": "41a3423d-5b16-4dd7-bbbf-c2c78229890e",
  "fields": {
    "name": "Dougherty Deposit",
    "organisation": "595980c0-a825-46ee-9f64-0fc7a42c18bc",
    "process": "a15eaa77-bf84-45b8-88c3-9d571ad7a554",
    "geom": "SRID=4326;POINT (133.42034996754956 -29.427793742297496)",
    "created_at": "2026-03-30T11:50:22.959Z",
    "updated_at": "2026-03-30T11:50:22.959Z"
  }
},
{
  "model": "core.prospect",
  "pk": "4a76e261-2ba1-4ec1-8a1a-296a2814bd4f",
  "fields": {
    "name": "Miller Reef",
    "organisation": "595980c0-a825-46ee-9f64-0fc7a42c18bc",
    "process": "a15eaa77-bf84-45b8-88c3-9d571ad7a554",
    "geom": "SRID=4326;POINT (137.88333232573675 -20.737962830871886)",
    "created_at": "2026-03-30T11:50:22.960Z",
    "updated_at": "2026-03-30T11:50:22.960Z"
  }
},
{
  "model": "core.prospect",
  "pk": "5df9fb12-8372-4bdf-8d7f-bd7abe24641d",
  "fields": {
    "name": "Becker Reef",
    "organisation": "d23ae49d-46fb-4083-9d94-e9d0572f5c35",
    "process": "90beb7d6-7517-425b-9411-be982d476d08",
    "geom": "SRID=4326;POINT (132.11208448189507 -32.00940192039295)",
    "created_at": "2026-03-30T11:50:22.963Z",
    "updated_at": "2026-03-30T11:50:22.963Z"
  }
},
{
  "model": "core.prospect",
  "pk": "7fc2ffa4-5614-4ea7-81b8-f0bb7081ccc2",
  "fields": {
    "name": "Deleon Deposit",
    "organisation": "d23ae49d-46fb-4083-9d94-e9d0572f5c35",
    "process": "e8338026-2306-4a41-9762-a8b60c6259ca",
    "geom": "SRID=4326;POINT (125.17222450308809 -32.07055471556305)",
    "created_at": "2026-03-30T11:50:22.967Z",
    "updated_at": "2026-03-30T11:50:22.967Z"
  }
},
{
  "model": "core.prospect",
  "pk": "93a9cad2-eb25-40c2-ae91-fb79cb1eeca0",
  "fields": {
    "name": "Goodwin Zone",
    "organisation": "595980c0-a825-46ee-9f64-0fc7a42c18bc",
    "process": "7c53e664-0d50-459a-bca9-8ddb460d9297",
    "geom": "SRID=4326;POINT (126.8732400095605 -31.35528641964263)",
    "created_at": "2026-03-30T11:50:22.961Z",
    "updated_at": "2026-03-30T11:50:22.961Z"
  }
},
{
  "model": "core.prospect",
  "pk": "9cd258ac-6b0b-42a5-9637-a9dbb48a39b7",
  "fields": {
    "name": "Weeks Zone",
    "organisation": "d23ae49d-46fb-4083-9d94-e9d0572f5c35",
    "process": "2d2db25b-572e-44f1-b010-bdbe23f97536",
    "geom": "SRID=4326;POINT (142.1416258543223 -29.572924992752036)",
    "created_at": "2026-03-30T11:50:22.966Z",
    "updated_at": "2026-03-30T11:50:22.966Z"
  }
},
{
  "model": "core.prospect",
  "pk": "a0ec0aa3-0497-4e5f-94cc-8b5a47e7e1f5",
  "fields": {
    "name": "Burgess Reef",
    "organisation": "d23ae49d-46fb-4083-9d94-e9d0572f5c35",
    "process": "e8338026-2306-4a41-9762-a8b60c6259ca",
    "geom": "SRID=4326;POINT (129.95826877945788 -29.924970398893116)",
    "created_at": "2026-03-30T11:50:22.968Z",
    "updated_at": "2026-03-30T11:50:22.968Z"
  }
},
{
  "model": "core.prospect",
  "pk": "b632de31-d7bf-4536-ba35-32d5675d91d1",
  "fields": {
    "name": "Jackson Lode",
    "organisation": "fd0aed58-2434-41b7-b202-68f6d3420c9c",
    "process": "db560d24-e19d-429f-815f-a9e40729f9e3",
    "geom": "SRID=4326;POINT (121.0774975006087 -26.882528211819533)",
    "created_at": "2026-03-30T11:50:22.953Z",
    "updated_at": "2026-03-30T11:50:22.953Z"
  }
},
{
  "model": "core.prospect",
  "pk": "c4d2c187-e98e-4336-909f-8f4ef22a211f",
  "fields": {
    "name": "Allen Zone",
    "organisation": "fd0aed58-2434-41b7-b202-68f6d3420c9c",
    "process": "1d2650d8-d9ae-431e-8958-88e38c1b0551",
    "geom": "SRID=4326;POINT (138.03820535783825 -24.645882556817128)",
    "created_at": "2026-03-30T11:50:22.955Z",
    "updated_at": "2026-03-30T11:50:22.955Z"
  }
},
{
  "model": "core.prospect",
  "pk": "c9a49e9a-a196-4000-89eb-512a82460b74",
  "fields": {
    "name": "Brooks Reef",
    "organisation": "d23ae49d-46fb-4083-9d94-e9d0572f5c35",
    "process": "2d2db25b-572e-44f1-b010-bdbe23f97536",
    "geom": "SRID=4326;POINT (143.6175266767939 -30.706243564729753)",
    "created_at": "2026-03-30T11:50:22.965Z",
    "updated_at": "2026-03-30T11:50:22.965Z"
  }
},
{
  "model": "core.prospect",
  "pk": "d35a4173-8417-4ad4-a27e-74df3c68e672",
  "fields": {
    "name": "Johnson Lode",
    "organisation": "595980c0-a825-46ee-9f64-0fc7a42c18bc",
    "process": "7c53e664-0d50-459a-bca9-8ddb460d9297",
    "geom": "SRID=4326;POINT (147.3966216488037 -20.610939367567795)",
    "created_at": "2026-03-30T11:50:22.962Z",
    "updated_at": "2026-03-30T11:50:22.962Z"
  }
},
{
  "model": "core.prospect",
  "pk": "d65b0381-70ec-4bb9-81ce-f46717f841e7",
  "fields": {
    "name": "Ortiz Reef",
    "organisation": "d23ae49d-46fb-4083-9d94-e9d0572f5c35",
    "process": "90beb7d6-7517-425b-9411-be982d476d08",
    "geom": "SRID=4326;POINT (115.14239354238074 -27.531618619636994)",
    "created_at": "2026-03-30T11:50:22.964Z",
    "updated_at": "2026-03-30T11:50:22.964Z"
  }
},
{
  "model": "core.prospect",
  "pk": "d8c674de-579b-4665-98ac-87c84a08563b",
  "fields": {
    "name": "Russell Lode",
    "organisation": "595980c0-a825-46ee-9f64-0fc7a42c18bc",
    "process": "aee840bc-a037-4f1b-8037-4f8d218ffc93",
    "geom": "SRID=4326;POINT (132.75585601306395 -27.847223703135093)",
    "created_at": "2026-03-30T11:50:22.957Z",
    "updated_at": "2026-03-30T11:50:22.957Z"
  }
},
{
  "model": "core.prospect",
  "pk": "e95e4190-077c-4b52-b172-f3bf3af3af87",
  "fields": {
    "name": "Jones Reef",
    "organisation": "fd0aed58-2434-41b7-b202-68f6d3420c9c",
    "process": "db560d24-e19d-429f-815f-a9e40729f9e3",
    "geom": "SRID=4326;POINT (119.96851831369997 -28.716408928954905)",
    "created_at": "2026-03-30T11:50:22.954Z",
    "updated_at": "2026-03-30T11:50:22.954Z"
  }
},
{
  "model": "core.prospect",
  "pk": "fe18acc8-300c-4574-8b99-3c8cf24c1ee1",
  "fields": {
    "name": "Morton Lode",
    "organisation": "595980c0-a825-46ee-9f64-0fc7a42c18bc",
    "process": "aee840bc-a037-4f1b-8037-4f8d218ffc93",
    "geom": "SRID=4326;POINT (121.20040231658164 -22.230630219975552)",
    "created_at": "2026-03-30T11:50:22.958Z",
    "updated_at": "2026-03-30T11:50:22.958Z"
  }
},
{
  "model": "core.tenement",
  "pk": "24f2473b-d8a9-4b47-a7f0-e7fe8e730a40",
  "fields": {
    "name": "ML-4708/44",
    "organisation": "595980c0-a825-46ee-9f64-0fc7a42c18bc",
    "process": "aee840bc-a037-4f1b-8037-4f8d218ffc93",
    "geom": "SRID=4326;MULTIPOLYGON (((124.24812330241355 -28.05211222891532, 124.34812330241354 -28.05211222891532, 124.34812330241354 -27.95211222891532, 124.24812330241355 -27.95211222891532, 124.24812330241355 -28.05211222891532)))",
    "created_at": "2026-03-30T11:50:22.977Z",
    "updated_at": "2026-03-30T11:50:22.977Z"
  }
},
{
  "model": "core.tenement",
  "pk": "2ae3015f-a60f-4a5a-bab5-f16359d4ec1d",
  "fields": {
    "name": "ML-1414/10",
    "organisation": "fd0aed58-2434-41b7-b202-68f6d3420c9c",
    "process": "1d2650d8-d9ae-431e-8958-88e38c1b0551",
    "geom": "SRID=4326;MULTIPOLYGON (((133.73469772600694 -20.15513232434316, 133.83469772600697 -20.15513232434316, 133.83469772600697 -20.05513232434316, 133.73469772600694 -20.05513232434316, 133.73469772600694 -20.15513232434316)))",
    "created_at": "2026-03-30T11:50:22.975Z",
    "updated_at": "2026-03-30T11:50:22.975Z"
  }
},
{
  "model": "core.tenement",
  "pk": "3e4eb215-96eb-4d31-a205-6281de0d6367",
  "fields": {
    "name": "ML-1178/03",
    "organisation": "d23ae49d-46fb-4083-9d94-e9d0572f5c35",
    "process": "2d2db25b-572e-44f1-b010-bdbe23f97536",
    "geom": "SRID=4326;MULTIPOLYGON (((126.4542031040388 -24.59254501127118, 126.55420310403879 -24.59254501127118, 126.55420310403879 -24.49254501127118, 126.4542031040388 -24.49254501127118, 126.4542031040388 -24.59254501127118)))",
    "created_at": "2026-03-30T11:50:22.985Z",
    "updated_at": "2026-03-30T11:50:22.985Z"
  }
},
{
  "model": "core.tenement",
  "pk": "46dbcc6b-136d-4b3c-b465-364f38bcc113",
  "fields": {
    "name": "ML-8613/27",
    "organisation": "fd0aed58-2434-41b7-b202-68f6d3420c9c",
    "process": "db560d24-e19d-429f-815f-a9e40729f9e3",
    "geom": "SRID=4326;MULTIPOLYGON (((132.21006873200213 -20.920708167138013, 132.31006873200215 -20.920708167138013, 132.31006873200215 -20.82070816713801, 132.21006873200213 -20.82070816713801, 132.21006873200213 -20.920708167138013)))",
    "created_at": "2026-03-30T11:50:22.971Z",
    "updated_at": "2026-03-30T11:50:22.971Z"
  }
},
{
  "model": "core.tenement",
  "pk": "48c8e4ea-a25a-4672-9d5f-11d774f04816",
  "fields": {
    "name": "ML-5463/08",
    "organisation": "fd0aed58-2434-41b7-b202-68f6d3420c9c",
    "process": "db560d24-e19d-429f-815f-a9e40729f9e3",
    "geom": "SRID=4326;MULTIPOLYGON (((142.21817322471273 -34.31946914363444, 142.31817322471275 -34.31946914363444, 142.31817322471275 -34.21946914363445, 142.21817322471273 -34.21946914363445, 142.21817322471273 -34.31946914363444)))",
    "created_at": "2026-03-30T11:50:22.972Z",
    "updated_at": "2026-03-30T11:50:22.972Z"
  }
},
{
  "model": "core.tenement",
  "pk": "670920fe-f7af-4d76-9096-03adfadfd518",
  "fields": {
    "name": "ML-4219/27",
    "organisation": "fd0aed58-2434-41b7-b202-68f6d3420c9c",
    "process": "f10c33f0-d109-4644-82bc-bb33877bd20e",
    "geom": "SRID=4326;MULTIPOLYGON (((119.79282209176829 -28.058276646199054, 119.89282209176828 -28.058276646199054, 119.89282209176828 -27.958276646199053, 119.79282209176829 -27.958276646199053, 119.79282209176829 -28.058276646199054)))",
    "created_at": "2026-03-30T11:50:22.969Z",
    "updated_at": "2026-03-30T11:50:22.969Z"
  }
},
{
  "model": "core.tenement",
  "pk": "6d4ab855-6143-4de2-bf87-532cd14c4852",
  "fields": {
    "name": "ML-8711/32",
    "organisation": "fd0aed58-2434-41b7-b202-68f6d3420c9c",
    "process": "f10c33f0-d109-4644-82bc-bb33877bd20e",
    "geom": "SRID=4326;MULTIPOLYGON (((119.8720182536235 -30.661326132249894, 119.97201825362349 -30.661326132249894, 119.97201825362349 -30.561326132249892, 119.8720182536235 -30.561326132249892, 119.8720182536235 -30.661326132249894)))",
    "created_at": "2026-03-30T11:50:22.970Z",
    "updated_at": "2026-03-30T11:50:22.970Z"
  }
},
{
  "model": "core.tenement",
  "pk": "7f97dc5b-2a08-4741-8fe8-b6413b5efbe2",
  "fields": {
    "name": "ML-7759/22",
    "organisation": "d23ae49d-46fb-4083-9d94-e9d0572f5c35",
    "process": "90beb7d6-7517-425b-9411-be982d476d08",
    "geom": "SRID=4326;MULTIPOLYGON (((115.57175547216902 -32.17907480278258, 115.67175547216901 -32.17907480278258, 115.67175547216901 -32.079074802782586, 115.57175547216902 -32.079074802782586, 115.57175547216902 -32.17907480278258)))",
    "created_at": "2026-03-30T11:50:22.983Z",
    "updated_at": "2026-03-30T11:50:22.983Z"
  }
},
{
  "model": "core.tenement",
  "pk": "8a472e58-9324-4dfc-b772-372b65fae12c",
  "fields": {
    "name": "ML-8090/95",
    "organisation": "fd0aed58-2434-41b7-b202-68f6d3420c9c",
    "process": "1d2650d8-d9ae-431e-8958-88e38c1b0551",
    "geom": "SRID=4326;MULTIPOLYGON (((125.28996597385301 -34.89662496168442, 125.38996597385301 -34.89662496168442, 125.38996597385301 -34.79662496168442, 125.28996597385301 -34.79662496168442, 125.28996597385301 -34.89662496168442)))",
    "created_at": "2026-03-30T11:50:22.973Z",
    "updated_at": "2026-03-30T11:50:22.973Z"
  }
},
{
  "model": "core.tenement",
  "pk": "939cd45b-7f3c-42a4-8c46-da67c6790033",
  "fields": {
    "name": "ML-8014/69",
    "organisation": "595980c0-a825-46ee-9f64-0fc7a42c18bc",
    "process": "aee840bc-a037-4f1b-8037-4f8d218ffc93",
    "geom": "SRID=4326;MULTIPOLYGON (((124.76554302417297 -29.090710442629607, 124.86554302417296 -29.090710442629607, 124.86554302417296 -28.990710442629606, 124.76554302417297 -28.990710442629606, 124.76554302417297 -29.090710442629607)))",
    "created_at": "2026-03-30T11:50:22.976Z",
    "updated_at": "2026-03-30T11:50:22.976Z"
  }
},
{
  "model": "core.tenement",
  "pk": "a8fdc06b-8431-4361-b783-8d74a9dc5a5b",
  "fields": {
    "name": "ML-1123/32",
    "organisation": "595980c0-a825-46ee-9f64-0fc7a42c18bc",
    "process": "7c53e664-0d50-459a-bca9-8ddb460d9297",
    "geom": "SRID=4326;MULTIPOLYGON (((133.69679373079842 -24.45276325049871, 133.79679373079844 -24.45276325049871, 133.79679373079844 -24.352763250498707, 133.69679373079842 -24.352763250498707, 133.69679373079842 -24.45276325049871)))",
    "created_at": "2026-03-30T11:50:22.981Z",
    "updated_at": "2026-03-30T11:50:22.981Z"
  }
},
{
  "model": "core.tenement",
  "pk": "b65d2cdc-1d5e-4b70-b992-131050b7ffda",
  "fields": {
    "name": "ML-6806/75",
    "organisation": "595980c0-a825-46ee-9f64-0fc7a42c18bc",
    "process": "a15eaa77-bf84-45b8-88c3-9d571ad7a554",
    "geom": "SRID=4326;MULTIPOLYGON (((125.15543240719853 -32.838571501022706, 125.25543240719853 -32.838571501022706, 125.25543240719853 -32.73857150102271, 125.15543240719853 -32.73857150102271, 125.15543240719853 -32.838571501022706)))",
    "created_at": "2026-03-30T11:50:22.978Z",
    "updated_at": "2026-03-30T11:50:22.978Z"
  }
},
{
  "model": "core.tenement",
  "pk": "db91ebe8-a1ee-4981-89bc-74bc94314945",
  "fields": {
    "name": "ML-8594/55",
    "organisation": "d23ae49d-46fb-4083-9d94-e9d0572f5c35",
    "process": "90beb7d6-7517-425b-9411-be982d476d08",
    "geom": "SRID=4326;MULTIPOLYGON (((146.85987577729753 -28.248427439958622, 146.95987577729755 -28.248427439958622, 146.95987577729755 -28.14842743995862, 146.85987577729753 -28.14842743995862, 146.85987577729753 -28.248427439958622)))",
    "created_at": "2026-03-30T11:50:22.982Z",
    "updated_at": "2026-03-30T11:50:22.982Z"
  }
},
{
  "model": "core.tenement",
  "pk": "e3237e68-6916-4776-b789-fa3a5a7e459e",
  "fields": {
    "name": "ML-2531/63",
    "organisation": "d23ae49d-46fb-4083-9d94-e9d0572f5c35",
    "process": "e8338026-2306-4a41-9762-a8b60c6259ca",
    "geom": "SRID=4326;MULTIPOLYGON (((134.33572754543357 -34.029705867532094, 134.4357275454336 -34.029705867532094, 134.4357275454336 -33.9297058675321, 134.33572754543357 -33.9297058675321, 134.33572754543357 -34.029705867532094)))",
    "created_at": "2026-03-30T11:50:22.987Z",
    "updated_at": "2026-03-30T11:50:22.987Z"
  }
},
{
  "model": "core.tenement",
  "pk": "e4c502c1-7fd8-4335-8a61-63f5d8844937",
  "fields": {
    "name": "ML-3911/73",
    "organisation": "595980c0-a825-46ee-9f64-0fc7a42c18bc",
    "process": "a15eaa77-bf84-45b8-88c3-9d571ad7a554",
    "geom": "SRID=4326;MULTIPOLYGON (((129.6121351905985 -21.076915461006823, 129.71213519059853 -21.076915461006823, 129.71213519059853 -20.976915461006822, 129.6121351905985 -20.976915461006822, 129.6121351905985 -21.076915461006823)))",
    "created_at": "2026-03-30T11:50:22.979Z",
    "updated_at": "2026-03-30T11:50:22.979Z"
  }
},
{
  "model": "core.tenement",
  "pk": "ec68a695-f09a-444d-998b-2def68b3a10a",
  "fields": {
    "name": "ML-4177/93",
    "organisation": "d23ae49d-46fb-4083-9d94-e9d0572f5c35",
    "process": "e8338026-2306-4a41-9762-a8b60c6259ca",
    "geom": "SRID=4326;MULTIPOLYGON (((143.1416104720047 -20.04401215540748, 143.2416104720047 -20.04401215540748, 143.2416104720047 -19.944012155407478, 143.1416104720047 -19.944012155407478, 143.1416104720047 -20.04401215540748)))",
    "created_at": "2026-03-30T11:50:22.986Z",
    "updated_at": "2026-03-30T11:50:22.986Z"
  }
},
{
  "model": "core.tenement",
  "pk": "f90b44fe-f520-46aa-b233-58683f6823e0",
  "fields": {
    "name": "ML-2334/29",
    "organisation": "595980c0-a825-46ee-9f64-0fc7a42c18bc",
    "process": "7c53e664-0d50-459a-bca9-8ddb460d9297",
    "geom": "SRID=4326;MULTIPOLYGON (((120.71175326153192 -19.592301918273026, 120.81175326153192 -19.592301918273026, 120.81175326153192 -19.492301918273025, 120.71175326153192 -19.492301918273025, 120.71175326153192 -19.592301918273026)))",
    "created_at": "2026-03-30T11:50:22.980Z",
    "updated_at": "2026-03-30T11:50:22.980Z"
  }
},
{
  "model": "core.tenement",
  "pk": "fb0d0d67-f1bc-4d83-99d9-d1e3097606f1",
  "fields": {
    "name": "ML-8298/10",
    "organisation": "d23ae49d-46fb-4083-9d94-e9d0572f5c35",
    "process": "2d2db25b-572e-44f1-b010-bdbe23f97536",
    "geom": "SRID=4326;MULTIPOLYGON (((141.50238520760138 -25.012908124875832, 141.6023852076014 -25.012908124875832, 141.6023852076014 -24.91290812487583, 141.50238520760138 -24.91290812487583, 141.50238520760138 -25.012908124875832)))",
    "created_at": "2026-03-30T11:50:22.984Z",
    "updated_at": "2026-03-30T11:50:22.984Z"
  }
},
{
  "model": "core.document",
  "pk": "1433a7e5-d5c6-4854-9665-d41a5246c551",
  "fields": {
    "title": "Finally politics economy.",
    "file": "docs/jorc_1433a7e5.pdf",
    "organisation": "fd0aed58-2434-41b7-b202-68f6d3420c9c",
    "process": "f10c33f0-d109-4644-82bc-bb33877bd20e",
    "tags": "[\"12\"]",
    "timestamp": "2024-09-30",
    "doc_type": "JORC",
    "confidentiality": "INTERNAL",
    "created_by": [
      "admin"
    ],
    "checksum_sha256": "7c9e1c3feaaeebd419b99a47893248093405c4d0ce1f923137cd512acee5530d",
    "extracted_text": "",
    "created_at": "2026-03-30T11:50:23.000Z",
    "updated_at": "2026-03-30T11:50:23.000Z"
  }
},
{
  "model": "core.document",
  "pk": "1c41daab-be31-4406-8c6b-6333ae5280df",
  "fields": {
    "title": "Onto work usually money same.",
    "file": "docs/compliance_1c41daab.pdf",
    "organisation": "595980c0-a825-46ee-9f64-0fc7a42c18bc",
    "process": "aee840bc-a037-4f1b-8037-4f8d218ffc93",
    "tags": "[\"6\", \"18\", \"19\"]",
    "timestamp": "2024-06-07",
    "doc_type": "COMPLIANCE",
    "confidentiality": "RESTRICTED",
    "created_by": [
      "admin"
    ],
    "checksum_sha256": "b89d554f94753f55d5e63eadbed6be20eca6f2dfdc19a7349a69ec5ff5ab7aba",
    "extracted_text": "",
    "created_at": "2026-03-30T11:50:23.021Z",
    "updated_at": "2026-03-30T11:50:23.021Z"
  }
},
{
  "model": "core.document",
  "pk": "1d8b021e-05b7-4851-bf65-cf1c407a2c8f",
  "fields": {
    "title": "Machine animal maybe sing her.",
    "file": "docs/jorc_1d8b021e.pdf",
    "organisation": "595980c0-a825-46ee-9f64-0fc7a42c18bc",
    "process": "a15eaa77-bf84-45b8-88c3-9d571ad7a554",
    "tags": "[\"14\"]",
    "timestamp": "2024-05-27",
    "doc_type": "JORC",
    "confidentiality": "INTERNAL",
    "created_by": [
      "admin"
    ],
    "checksum_sha256": "8b5e7f237a6716a36abc53c67084e8a3a21042273d8116eac3be904534e43edb",
    "extracted_text": "",
    "created_at": "2026-03-30T11:50:23.037Z",
    "updated_at": "2026-03-30T11:50:23.037Z"
  }
},
{
  "model": "core.document",
  "pk": "43ddecf2-4ad1-471a-95b5-db0ea8ffef04",
  "fields": {
    "title": "Bag protect natural with they city.",
    "file": "docs/compliance_43ddecf2.pdf",
    "organisation": "d23ae49d-46fb-4083-9d94-e9d0572f5c35",
    "process": "e8338026-2306-4a41-9762-a8b60c6259ca",
    "tags": "[\"1\"]",
    "timestamp": "2025-03-19",
    "doc_type": "COMPLIANCE",
    "confidentiality": "RESTRICTED",
    "created_by": [
      "admin"
    ],
    "checksum_sha256": "0c40e627d751c969510d591dec4ba8baab4906226aebbf65630b2da2e833a63c",
    "extracted_text": "",
    "created_at": "2026-03-30T11:50:23.076Z",
    "updated_at": "2026-03-30T11:50:23.076Z"
  }
},
{
  "model": "core.document",
  "pk": "46c1a13a-e5ca-40b5-a31a-3fa56a73b5f2",
  "fields": {
    "title": "Group board energy just modern.",
    "file": "docs/technical_46c1a13a.pdf",
    "organisation": "fd0aed58-2434-41b7-b202-68f6d3420c9c",
    "process": "db560d24-e19d-429f-815f-a9e40729f9e3",
    "tags": "[\"1\", \"4\", \"11\", \"16\"]",
    "timestamp": "2025-02-20",
    "doc_type": "TECHNICAL",
    "confidentiality": "RESTRICTED",
    "created_by": [
      "admin"
    ],
    "checksum_sha256": "ac138f1c96b1b8978c0cdca88e3a131fbb3aff9c5ba91d8effcf0c3e76845145",
    "extracted_text": "",
    "created_at": "2026-03-30T11:50:23.006Z",
    "updated_at": "2026-03-30T11:50:23.006Z"
  }
},
{
  "model": "core.document",
  "pk": "480b1b67-5afc-4385-a7e2-62f3615f6a2b",
  "fields": {
    "title": "Peace business produce none evening talk.",
    "file": "docs/valmin_480b1b67.pdf",
    "organisation": "d23ae49d-46fb-4083-9d94-e9d0572f5c35",
    "process": "90beb7d6-7517-425b-9411-be982d476d08",
    "tags": "[\"3\", \"8\", \"18\"]",
    "timestamp": "2024-07-12",
    "doc_type": "VALMIN",
    "confidentiality": "PUBLIC",
    "created_by": [
      "admin"
    ],
    "checksum_sha256": "366ab5fff7a917681d9d9e5c139b402db495c1593caa51486be5a1ca4650bb85",
    "extracted_text": "",
    "created_at": "2026-03-30T11:50:23.056Z",
    "updated_at": "2026-03-30T11:50:23.056Z"
  }
},
{
  "model": "core.document",
  "pk": "4dbdae67-3ae8-4997-88f5-f4cd3102bd87",
  "fields": {
    "title": "Capital chance girl sound cut claim.",
    "file": "docs/valmin_4dbdae67.pdf",
    "organisation": "595980c0-a825-46ee-9f64-0fc7a42c18bc",
    "process": "a15eaa77-bf84-45b8-88c3-9d571ad7a554",
    "tags": "[\"12\"]",
    "timestamp": "2024-07-28",
    "doc_type": "VALMIN",
    "confidentiality": "PUBLIC",
    "created_by": [
      "admin"
    ],
    "checksum_sha256": "fc7b95df44e3fd28b1cde9e8d1f5ed08b53255b504dd7a66f5dcd8a7a5a7a62d",
    "extracted_text": "",
    "created_at": "2026-03-30T11:50:23.034Z",
    "updated_at": "2026-03-30T11:50:23.034Z"
  }
},
{
  "model": "core.document",
  "pk": "5d160deb-8359-441b-8ffc-5b7d3e009419",
  "fields": {
    "title": "Travel myself large.",
    "file": "docs/technical_5d160deb.pdf",
    "organisation": "d23ae49d-46fb-4083-9d94-e9d0572f5c35",
    "process": "2d2db25b-572e-44f1-b010-bdbe23f97536",
    "tags": "[\"2\", \"3\", \"8\", \"10\"]",
    "timestamp": "2026-03-23",
    "doc_type": "TECHNICAL",
    "confidentiality": "INTERNAL",
    "created_by": [
      "admin"
    ],
    "checksum_sha256": "fe74e9434cb3e290945df74b854c75bf7eb417b97534710251f85c26082edcdd",
    "extracted_text": "",
    "created_at": "2026-03-30T11:50:23.059Z",
    "updated_at": "2026-03-30T11:50:23.059Z"
  }
},
{
  "model": "core.document",
  "pk": "6349efff-eb5e-498a-8faa-dac441084caf",
  "fields": {
    "title": "Himself leave financial choose.",
    "file": "docs/environmental_6349efff.pdf",
    "organisation": "595980c0-a825-46ee-9f64-0fc7a42c18bc",
    "process": "7c53e664-0d50-459a-bca9-8ddb460d9297",
    "tags": "[\"5\", \"6\", \"16\", \"18\"]",
    "timestamp": "2025-12-13",
    "doc_type": "ENVIRONMENTAL",
    "confidentiality": "RESTRICTED",
    "created_by": [
      "admin"
    ],
    "checksum_sha256": "425e374372bae3457a80a4bbd49d22db23621bb0f1897e3bde8f9af9c73f120e",
    "extracted_text": "",
    "created_at": "2026-03-30T11:50:23.047Z",
    "updated_at": "2026-03-30T11:50:23.047Z"
  }
},
{
  "model": "core.document",
  "pk": "703c221d-a503-41f4-89c8-d933f9844392",
  "fields": {
    "title": "Trouble keep head knowledge.",
    "file": "docs/jorc_703c221d.pdf",
    "organisation": "d23ae49d-46fb-4083-9d94-e9d0572f5c35",
    "process": "2d2db25b-572e-44f1-b010-bdbe23f97536",
    "tags": "[\"13\"]",
    "timestamp": "2026-01-16",
    "doc_type": "JORC",
    "confidentiality": "INTERNAL",
    "created_by": [
      "admin"
    ],
    "checksum_sha256": "cf13b3377d90996a1d21aff81ca39218e989f14c4ca69f7cf83b06287a3fb9b3",
    "extracted_text": "",
    "created_at": "2026-03-30T11:50:23.066Z",
    "updated_at": "2026-03-30T11:50:23.066Z"
  }
},
{
  "model": "core.document",
  "pk": "9305d4df-a4d1-4768-9a17-ffa129cf4725",
  "fields": {
    "title": "Return room agreement.",
    "file": "docs/jorc_9305d4df.pdf",
    "organisation": "595980c0-a825-46ee-9f64-0fc7a42c18bc",
    "process": "7c53e664-0d50-459a-bca9-8ddb460d9297",
    "tags": "[\"2\", \"18\"]",
    "timestamp": "2024-04-11",
    "doc_type": "JORC",
    "confidentiality": "CONFIDENTIAL",
    "created_by": [
      "admin"
    ],
    "checksum_sha256": "b0fbd5c72764a63497a038f00fe981e4177f4d144cd656d5544e4d3ddcb8d5e0",
    "extracted_text": "",
    "created_at": "2026-03-30T11:50:23.044Z",
    "updated_at": "2026-03-30T11:50:23.044Z"
  }
},
{
  "model": "core.document",
  "pk": "a33c6528-f205-4ebd-b353-94d6e3cf4ff0",
  "fields": {
    "title": "Whom forward knowledge much.",
    "file": "docs/jorc_a33c6528.pdf",
    "organisation": "fd0aed58-2434-41b7-b202-68f6d3420c9c",
    "process": "1d2650d8-d9ae-431e-8958-88e38c1b0551",
    "tags": "[\"7\", \"8\", \"11\"]",
    "timestamp": "2025-03-21",
    "doc_type": "JORC",
    "confidentiality": "RESTRICTED",
    "created_by": [
      "admin"
    ],
    "checksum_sha256": "5fb17d0e7a45be10d772be2442698eb0e3cd14839c0c39d18e4edf17dd68f00b",
    "extracted_text": "",
    "created_at": "2026-03-30T11:50:23.012Z",
    "updated_at": "2026-03-30T11:50:23.012Z"
  }
},
{
  "model": "core.document",
  "pk": "a5aa6e99-1848-4b90-97fb-a624e5b9d5e1",
  "fields": {
    "title": "About likely view line.",
    "file": "docs/jorc_a5aa6e99.pdf",
    "organisation": "fd0aed58-2434-41b7-b202-68f6d3420c9c",
    "process": "f10c33f0-d109-4644-82bc-bb33877bd20e",
    "tags": "[\"8\", \"10\", \"17\", \"18\"]",
    "timestamp": "2024-12-04",
    "doc_type": "JORC",
    "confidentiality": "CONFIDENTIAL",
    "created_by": [
      "admin"
    ],
    "checksum_sha256": "d49188510dfe376d04c1e2a5882482a72c18003521c39b982666e165fa0d8eaa",
    "extracted_text": "",
    "created_at": "2026-03-30T11:50:22.993Z",
    "updated_at": "2026-03-30T11:50:22.993Z"
  }
},
{
  "model": "core.document",
  "pk": "a7ad20be-b2a4-4add-81e8-e14760477637",
  "fields": {
    "title": "Reason read necessary some nation.",
    "file": "docs/environmental_a7ad20be.pdf",
    "organisation": "fd0aed58-2434-41b7-b202-68f6d3420c9c",
    "process": "f10c33f0-d109-4644-82bc-bb33877bd20e",
    "tags": "[\"7\", \"9\", \"10\", \"12\"]",
    "timestamp": "2024-07-20",
    "doc_type": "ENVIRONMENTAL",
    "confidentiality": "PUBLIC",
    "created_by": [
      "admin"
    ],
    "checksum_sha256": "173e346e2120d7bcfdb68cdbc860ad30fa9532866d8f9f889f693f26af1480f6",
    "extracted_text": "",
    "created_at": "2026-03-30T11:50:22.997Z",
    "updated_at": "2026-03-30T11:50:22.997Z"
  }
},
{
  "model": "core.document",
  "pk": "a9acd10a-ca09-4b5d-8fc4-77f25a17ea61",
  "fields": {
    "title": "Section box wind statement politics.",
    "file": "docs/environmental_a9acd10a.pdf",
    "organisation": "d23ae49d-46fb-4083-9d94-e9d0572f5c35",
    "process": "90beb7d6-7517-425b-9411-be982d476d08",
    "tags": "[\"2\", \"8\", \"13\", \"18\"]",
    "timestamp": "2025-05-07",
    "doc_type": "ENVIRONMENTAL",
    "confidentiality": "CONFIDENTIAL",
    "created_by": [
      "admin"
    ],
    "checksum_sha256": "28843fde85bdacc7e2199561eeba249242a8145d8ae3ce397c51281c359e8126",
    "extracted_text": "",
    "created_at": "2026-03-30T11:50:23.053Z",
    "updated_at": "2026-03-30T11:50:23.053Z"
  }
},
{
  "model": "core.document",
  "pk": "b2dca0e9-097a-486a-a4cc-ad0e500d63dc",
  "fields": {
    "title": "Look environment listen process.",
    "file": "docs/jorc_b2dca0e9.pdf",
    "organisation": "d23ae49d-46fb-4083-9d94-e9d0572f5c35",
    "process": "e8338026-2306-4a41-9762-a8b60c6259ca",
    "tags": "[\"11\"]",
    "timestamp": "2025-01-18",
    "doc_type": "JORC",
    "confidentiality": "PUBLIC",
    "created_by": [
      "admin"
    ],
    "checksum_sha256": "f3836e49028eabf805f4cf9958e04ffcf6316dc5ae622d873d05c2c878a7cf05",
    "extracted_text": "",
    "created_at": "2026-03-30T11:50:23.082Z",
    "updated_at": "2026-03-30T11:50:23.082Z"
  }
},
{
  "model": "core.document",
  "pk": "b98957ba-44a2-4a3a-ac08-30f51fd8451d",
  "fields": {
    "title": "Night spend smile.",
    "file": "docs/environmental_b98957ba.pdf",
    "organisation": "d23ae49d-46fb-4083-9d94-e9d0572f5c35",
    "process": "e8338026-2306-4a41-9762-a8b60c6259ca",
    "tags": "[\"2\", \"13\", \"15\"]",
    "timestamp": "2025-01-13",
    "doc_type": "ENVIRONMENTAL",
    "confidentiality": "INTERNAL",
    "created_by": [
      "admin"
    ],
    "checksum_sha256": "7da6f4a4670f3162bad6556cb93ac1453713bc21ae26c5ac536a171daa6fddd5",
    "extracted_text": "",
    "created_at": "2026-03-30T11:50:23.071Z",
    "updated_at": "2026-03-30T11:50:23.071Z"
  }
},
{
  "model": "core.document",
  "pk": "bd1312c9-aee3-4913-9fef-1c95efdb27d9",
  "fields": {
    "title": "Agreement blood price major.",
    "file": "docs/internal_bd1312c9.pdf",
    "organisation": "595980c0-a825-46ee-9f64-0fc7a42c18bc",
    "process": "7c53e664-0d50-459a-bca9-8ddb460d9297",
    "tags": "[\"2\", \"10\", \"12\", \"19\"]",
    "timestamp": "2024-11-15",
    "doc_type": "INTERNAL",
    "confidentiality": "PUBLIC",
    "created_by": [
      "admin"
    ],
    "checksum_sha256": "3de939ea85df39da2d04b3ff2cce19c3e512f8650f6f489770cb31b801fd894f",
    "extracted_text": "",
    "created_at": "2026-03-30T11:50:23.040Z",
    "updated_at": "2026-03-30T11:50:23.040Z"
  }
},
{
  "model": "core.document",
  "pk": "c2567c4d-6c3e-47c7-9597-7d0a5d23e2c7",
  "fields": {
    "title": "Exist investment coach rest parent war.",
    "file": "docs/compliance_c2567c4d.pdf",
    "organisation": "d23ae49d-46fb-4083-9d94-e9d0572f5c35",
    "process": "90beb7d6-7517-425b-9411-be982d476d08",
    "tags": "[\"1\", \"11\"]",
    "timestamp": "2026-02-02",
    "doc_type": "COMPLIANCE",
    "confidentiality": "PUBLIC",
    "created_by": [
      "admin"
    ],
    "checksum_sha256": "65439f101b14fe6a5e85f2313adb57ac1d4d6bd83c8e7ce06e5bdec2b851c19b",
    "extracted_text": "",
    "created_at": "2026-03-30T11:50:23.050Z",
    "updated_at": "2026-03-30T11:50:23.050Z"
  }
},
{
  "model": "core.document",
  "pk": "c41a3d10-1c01-4ec8-b9ea-54d3669e0eee",
  "fields": {
    "title": "Black act commercial.",
    "file": "docs/valmin_c41a3d10.pdf",
    "organisation": "d23ae49d-46fb-4083-9d94-e9d0572f5c35",
    "process": "2d2db25b-572e-44f1-b010-bdbe23f97536",
    "tags": "[\"3\"]",
    "timestamp": "2026-03-04",
    "doc_type": "VALMIN",
    "confidentiality": "CONFIDENTIAL",
    "created_by": [
      "admin"
    ],
    "checksum_sha256": "85e45b3b316c32e9b7a03dae11e25f70e6d7148c46ec402bf4639f82666dbbb5",
    "extracted_text": "",
    "created_at": "2026-03-30T11:50:23.062Z",
    "updated_at": "2026-03-30T11:50:23.062Z"
  }
},
{
  "model": "core.document",
  "pk": "d03edce0-3a4a-4062-b76b-8f59062f909d",
  "fields": {
    "title": "Light conference reflect build player.",
    "file": "docs/compliance_d03edce0.pdf",
    "organisation": "fd0aed58-2434-41b7-b202-68f6d3420c9c",
    "process": "db560d24-e19d-429f-815f-a9e40729f9e3",
    "tags": "[\"8\", \"10\", \"13\"]",
    "timestamp": "2024-10-12",
    "doc_type": "COMPLIANCE",
    "confidentiality": "CONFIDENTIAL",
    "created_by": [
      "admin"
    ],
    "checksum_sha256": "7098af2b02ddf0087dc781b30d9b3d7f7a934b910b72b181a5b527ead51ade0d",
    "extracted_text": "",
    "created_at": "2026-03-30T11:50:23.003Z",
    "updated_at": "2026-03-30T11:50:23.003Z"
  }
},
{
  "model": "core.document",
  "pk": "d3cdb727-4741-4612-abba-25520cd499b8",
  "fields": {
    "title": "Off Democrat democratic.",
    "file": "docs/compliance_d3cdb727.pdf",
    "organisation": "595980c0-a825-46ee-9f64-0fc7a42c18bc",
    "process": "aee840bc-a037-4f1b-8037-4f8d218ffc93",
    "tags": "[\"7\", \"8\", \"13\"]",
    "timestamp": "2024-08-23",
    "doc_type": "COMPLIANCE",
    "confidentiality": "RESTRICTED",
    "created_by": [
      "admin"
    ],
    "checksum_sha256": "fe4739d1b8b4a631f8099f5d3ea130a5320d40854d5e105e497d53e0ba4d0197",
    "extracted_text": "",
    "created_at": "2026-03-30T11:50:23.024Z",
    "updated_at": "2026-03-30T11:50:23.024Z"
  }
},
{
  "model": "core.document",
  "pk": "d6611964-7d8f-4c2a-8232-423503f703bb",
  "fields": {
    "title": "Health pass music why.",
    "file": "docs/compliance_d6611964.pdf",
    "organisation": "595980c0-a825-46ee-9f64-0fc7a42c18bc",
    "process": "a15eaa77-bf84-45b8-88c3-9d571ad7a554",
    "tags": "[\"8\", \"13\", \"17\"]",
    "timestamp": "2026-01-31",
    "doc_type": "COMPLIANCE",
    "confidentiality": "RESTRICTED",
    "created_by": [
      "admin"
    ],
    "checksum_sha256": "2d26fde30d195d5d645d310252c60075e9a163901b662281d8932340a78a6a98",
    "extracted_text": "",
    "created_at": "2026-03-30T11:50:23.031Z",
    "updated_at": "2026-03-30T11:50:23.031Z"
  }
},
{
  "model": "core.document",
  "pk": "eb9e3b76-3cb0-41eb-b204-01c811b04b89",
  "fields": {
    "title": "Use way really remember.",
    "file": "docs/environmental_eb9e3b76.pdf",
    "organisation": "fd0aed58-2434-41b7-b202-68f6d3420c9c",
    "process": "1d2650d8-d9ae-431e-8958-88e38c1b0551",
    "tags": "[\"3\"]",
    "timestamp": "2025-08-17",
    "doc_type": "ENVIRONMENTAL",
    "confidentiality": "RESTRICTED",
    "created_by": [
      "admin"
    ],
    "checksum_sha256": "e8ed8a7dc506381d7158ed8bb233dc76987fdad2e43ab6e441b1d93ab75617e3",
    "extracted_text": "",
    "created_at": "2026-03-30T11:50:23.018Z",
    "updated_at": "2026-03-30T11:50:23.018Z"
  }
},
{
  "model": "core.document",
  "pk": "f3d52fa3-407d-421c-bff4-c9ce13b2d436",
  "fields": {
    "title": "Film particularly paper ok run.",
    "file": "docs/compliance_f3d52fa3.pdf",
    "organisation": "fd0aed58-2434-41b7-b202-68f6d3420c9c",
    "process": "1d2650d8-d9ae-431e-8958-88e38c1b0551",
    "tags": "[\"1\", \"17\"]",
    "timestamp": "2025-07-09",
    "doc_type": "COMPLIANCE",
    "confidentiality": "PUBLIC",
    "created_by": [
      "admin"
    ],
    "checksum_sha256": "b6a677c09f09c2ad3a0743d8de43d0fd3c67910b5387acabdabe8365b7f0eefe",
    "extracted_text": "",
    "created_at": "2026-03-30T11:50:23.015Z",
    "updated_at": "2026-03-30T11:50:23.015Z"
  }
},
{
  "model": "core.document",
  "pk": "f5051709-8384-456f-97ae-cddab4defc8a",
  "fields": {
    "title": "Size former so work will interesting.",
    "file": "docs/compliance_f5051709.pdf",
    "organisation": "fd0aed58-2434-41b7-b202-68f6d3420c9c",
    "process": "db560d24-e19d-429f-815f-a9e40729f9e3",
    "tags": "[\"1\", \"4\", \"12\"]",
    "timestamp": "2024-11-29",
    "doc_type": "COMPLIANCE",
    "confidentiality": "RESTRICTED",
    "created_by": [
      "admin"
    ],
    "checksum_sha256": "df85b6cb060c258916beccaab75fcafb4693ab6fc83bdf1d890ce2369154e237",
    "extracted_text": "",
    "created_at": "2026-03-30T11:50:23.009Z",
    "updated_at": "2026-03-30T11:50:23.009Z"
  }
},
{
  "model": "core.document",
  "pk": "f5dfbc1b-88e2-4056-8667-8d3d49b2d843",
  "fields": {
    "title": "Poor worry minute.",
    "file": "docs/compliance_f5dfbc1b.pdf",
    "organisation": "595980c0-a825-46ee-9f64-0fc7a42c18bc",
    "process": "aee840bc-a037-4f1b-8037-4f8d218ffc93",
    "tags": "[\"3\", \"4\", \"11\", \"13\"]",
    "timestamp": "2025-03-08",
    "doc_type": "COMPLIANCE",
    "confidentiality": "PUBLIC",
    "created_by": [
      "admin"
    ],
    "checksum_sha256": "3f0ea54a81309dd2f471af8012a9f87652ea14c8c00b2b1fd792651b7a4e96c2",
    "extracted_text": "",
    "created_at": "2026-03-30T11:50:23.027Z",
    "updated_at": "2026-03-30T11:50:23.027Z"
  }
},
{
  "model": "core.userprofile",
  "pk": 235,
  "fields": {
    "user": [
      "admin"
    ],
    "organisation": null,
    "role": "VIEWER",
    "clearance_level": "INTERNAL",
    "department": "",
    "phone": "",
    "employee_id": null,
    "can_approve_jorc": false,
    "can_approve_valmin": false,
    "created_at": "2026-03-30T11:50:21.337Z",
    "updated_at": "2026-03-30T11:50:21.457Z"
  }
},
{
  "model": "core.userprofile",
  "pk": 236,
  "fields": {
    "user": [
      "tammy.barrett.8744"
    ],
    "organisation": "fd0aed58-2434-41b7-b202-68f6d3420c9c",
    "role": "MANAGER",
    "clearance_level": "RESTRICTED",
    "department": "Environment",
    "phone": "5365608601",
    "employee_id": "EMP-3473",
    "can_approve_jorc": true,
    "can_approve_valmin": true,
    "created_at": "2026-03-30T11:50:21.571Z",
    "updated_at": "2026-03-30T11:50:21.575Z"
  }
},
{
  "model": "core.userprofile",
  "pk": 237,
  "fields": {
    "user": [
      "erin.hinton.7557"
    ],
    "organisation": "fd0aed58-2434-41b7-b202-68f6d3420c9c",
    "role": "ANALYST",
    "clearance_level": "RESTRICTED",
    "department": "Mining Ops",
    "phone": "834-258-6355",
    "employee_id": "EMP-8963",
    "can_approve_jorc": false,
    "can_approve_valmin": false,
    "created_at": "2026-03-30T11:50:21.687Z",
    "updated_at": "2026-03-30T11:50:21.691Z"
  }
},
{
  "model": "core.userprofile",
  "pk": 238,
  "fields": {
    "user": [
      "melissa.brown.7592"
    ],
    "organisation": "fd0aed58-2434-41b7-b202-68f6d3420c9c",
    "role": "GEOLOGIST",
    "clearance_level": "INTERNAL",
    "department": "Environment",
    "phone": "391-353-2400x0251",
    "employee_id": "EMP-9181",
    "can_approve_jorc": false,
    "can_approve_valmin": false,
    "created_at": "2026-03-30T11:50:21.810Z",
    "updated_at": "2026-03-30T11:50:21.813Z"
  }
},
{
  "model": "core.userprofile",
  "pk": 239,
  "fields": {
    "user": [
      "daniel.lyons.5798"
    ],
    "organisation": "fd0aed58-2434-41b7-b202-68f6d3420c9c",
    "role": "GEOLOGIST",
    "clearance_level": "INTERNAL",
    "department": "Environment",
    "phone": "(792)290-4109x597",
    "employee_id": "EMP-9545",
    "can_approve_jorc": false,
    "can_approve_valmin": false,
    "created_at": "2026-03-30T11:50:21.926Z",
    "updated_at": "2026-03-30T11:50:21.930Z"
  }
},
{
  "model": "core.userprofile",
  "pk": 240,
  "fields": {
    "user": [
      "tara.wallace.2041"
    ],
    "organisation": "595980c0-a825-46ee-9f64-0fc7a42c18bc",
    "role": "MANAGER",
    "clearance_level": "INTERNAL",
    "department": "Mining Ops",
    "phone": "345.774.1721x79081",
    "employee_id": "EMP-7030",
    "can_approve_jorc": true,
    "can_approve_valmin": true,
    "created_at": "2026-03-30T11:50:22.043Z",
    "updated_at": "2026-03-30T11:50:22.047Z"
  }
},
{
  "model": "core.userprofile",
  "pk": 241,
  "fields": {
    "user": [
      "jennifer.nguyen.6785"
    ],
    "organisation": "595980c0-a825-46ee-9f64-0fc7a42c18bc",
    "role": "GEOLOGIST",
    "clearance_level": "CONFIDENTIAL",
    "department": "Environment",
    "phone": "001-814-551-8860",
    "employee_id": "EMP-2344",
    "can_approve_jorc": false,
    "can_approve_valmin": false,
    "created_at": "2026-03-30T11:50:22.161Z",
    "updated_at": "2026-03-30T11:50:22.165Z"
  }
},
{
  "model": "core.userprofile",
  "pk": 242,
  "fields": {
    "user": [
      "carmen.nelson.3126"
    ],
    "organisation": "595980c0-a825-46ee-9f64-0fc7a42c18bc",
    "role": "FIELD_TECH",
    "clearance_level": "PUBLIC",
    "department": "Compliance",
    "phone": "+1-988-918-0253x01741",
    "employee_id": "EMP-7305",
    "can_approve_jorc": false,
    "can_approve_valmin": false,
    "created_at": "2026-03-30T11:50:22.281Z",
    "updated_at": "2026-03-30T11:50:22.285Z"
  }
},
{
  "model": "core.userprofile",
  "pk": 243,
  "fields": {
    "user": [
      "christopher.allen.189"
    ],
    "organisation": "595980c0-a825-46ee-9f64-0fc7a42c18bc",
    "role": "ANALYST",
    "clearance_level": "RESTRICTED",
    "department": "Compliance",
    "phone": "+1-325-986-8612",
    "employee_id": "EMP-5312",
    "can_approve_jorc": false,
    "can_approve_valmin": false,
    "created_at": "2026-03-30T11:50:22.403Z",
    "updated_at": "2026-03-30T11:50:22.407Z"
  }
},
{
  "model": "core.userprofile",
  "pk": 244,
  "fields": {
    "user": [
      "krystal.jones.7906"
    ],
    "organisation": "d23ae49d-46fb-4083-9d94-e9d0572f5c35",
    "role": "MANAGER",
    "clearance_level": "CONFIDENTIAL",
    "department": "Environment",
    "phone": "(322)806-0709",
    "employee_id": "EMP-6380",
    "can_approve_jorc": true,
    "can_approve_valmin": true,
    "created_at": "2026-03-30T11:50:22.530Z",
    "updated_at": "2026-03-30T11:50:22.535Z"
  }
},
{
  "model": "core.userprofile",
  "pk": 245,
  "fields": {
    "user": [
      "daniel.thompson.7933"
    ],
    "organisation": "d23ae49d-46fb-4083-9d94-e9d0572f5c35",
    "role": "GEOLOGIST",
    "clearance_level": "RESTRICTED",
    "department": "Mining Ops",
    "phone": "717.316.0321x1930",
    "employee_id": "EMP-2833",
    "can_approve_jorc": false,
    "can_approve_valmin": false,
    "created_at": "2026-03-30T11:50:22.657Z",
    "updated_at": "2026-03-30T11:50:22.661Z"
  }
},
{
  "model": "core.userprofile",
  "pk": 246,
  "fields": {
    "user": [
      "amy.smith.9033"
    ],
    "organisation": "d23ae49d-46fb-4083-9d94-e9d0572f5c35",
    "role": "ANALYST",
    "clearance_level": "INTERNAL",
    "department": "Geology",
    "phone": "+1-598-754-9992x15400",
    "employee_id": "EMP-2616",
    "can_approve_jorc": false,
    "can_approve_valmin": false,
    "created_at": "2026-03-30T11:50:22.776Z",
    "updated_at": "2026-03-30T11:50:22.780Z"
  }
},
{
  "model": "core.userprofile",
  "pk": 247,
  "fields": {
    "user": [
      "aaron.dorsey.7458"
    ],
    "organisation": "d23ae49d-46fb-4083-9d94-e9d0572f5c35",
    "role": "ADMIN",
    "clearance_level": "CONFIDENTIAL",
    "department": "Mining Ops",
    "phone": "(828)439-3337x464",
    "employee_id": "EMP-4645",
    "can_approve_jorc": false,
    "can_approve_valmin": false,
    "created_at": "2026-03-30T11:50:22.894Z",
    "updated_at": "2026-03-30T11:50:22.898Z"
  }
},
{
  "model": "core.approvalworkflow",
  "pk": 73,
  "fields": {
    "content_type": [
      "core",
      "document"
    ],
    "object_id": "a9acd10a-ca09-4b5d-8fc4-77f25a17ea61",
    "workflow_type": "JORC",
    "status": "PENDING",
    "submitted_by": [
      "daniel.lyons.5798"
    ],
    "approved_by": null,
    "submission_notes": "Something nature despite west remember view. Congress during yes ever conference ground cost.",
    "approval_notes": "",
    "submitted_at": "2026-03-30T11:50:23.085Z",
    "reviewed_at": null
  }
},
{
  "model": "core.approvalworkflow",
  "pk": 74,
  "fields": {
    "content_type": [
      "core",
      "document"
    ],
    "object_id": "b98957ba-44a2-4a3a-ac08-30f51fd8451d",
    "workflow_type": "VALMIN",
    "status": "APPROVED",
    "submitted_by": [
      "krystal.jones.7906"
    ],
    "approved_by": [
      "tammy.barrett.8744"
    ],
    "submission_notes": "Glass two general strong particularly magazine drop role.",
    "approval_notes": "Of night everybody so under program story.",
    "submitted_at": "2026-03-30T11:50:23.086Z",
    "reviewed_at": "2026-03-05T11:50:23.086Z"
  }
},
{
  "model": "core.approvalworkflow",
  "pk": 75,
  "fields": {
    "content_type": [
      "core",
      "document"
    ],
    "object_id": "9305d4df-a4d1-4768-9a17-ffa129cf4725",
    "workflow_type": "VALMIN",
    "status": "REJECTED",
    "submitted_by": [
      "aaron.dorsey.7458"
    ],
    "approved_by": [
      "krystal.jones.7906"
    ],
    "submission_notes": "Huge especially draw system develop since.",
    "approval_notes": "Meet into good school sense hand doctor black.",
    "submitted_at": "2026-03-30T11:50:23.088Z",
    "reviewed_at": "2026-02-26T11:50:23.088Z"
  }
},
{
  "model": "core.approvalworkflow",
  "pk": 76,
  "fields": {
    "content_type": [
      "core",
      "document"
    ],
    "object_id": "703c221d-a503-41f4-89c8-d933f9844392",
    "workflow_type": "VALMIN",
    "status": "PENDING",
    "submitted_by": [
      "tara.wallace.2041"
    ],
    "approved_by": null,
    "submission_notes": "Trip compare social girl moment safe paper. Describe seven culture surface state society show.",
    "approval_notes": "",
    "submitted_at": "2026-03-30T11:50:23.090Z",
    "reviewed_at": null
  }
},
{
  "model": "core.approvalworkflow",
  "pk": 77,
  "fields": {
    "content_type": [
      "core",
      "document"
    ],
    "object_id": "eb9e3b76-3cb0-41eb-b204-01c811b04b89",
    "workflow_type": "VALMIN",
    "status": "REJECTED",
    "submitted_by": [
      "tammy.barrett.8744"
    ],
    "approved_by": [
      "tara.wallace.2041"
    ],
    "submission_notes": "Clearly garden final stuff.",
    "approval_notes": "Dark now lay country blood remember fight.",
    "submitted_at": "2026-03-30T11:50:23.092Z",
    "reviewed_at": "2026-03-20T11:50:23.092Z"
  }
},
{
  "model": "core.approvalworkflow",
  "pk": 78,
  "fields": {
    "content_type": [
      "core",
      "document"
    ],
    "object_id": "d03edce0-3a4a-4062-b76b-8f59062f909d",
    "workflow_type": "VALMIN",
    "status": "APPROVED",
    "submitted_by": [
      "melissa.brown.7592"
    ],
    "approved_by": [
      "tammy.barrett.8744"
    ],
    "submission_notes": "Generation easy industry factor ever what hair.",
    "approval_notes": "Direction threat wall anyone interesting author other.",
    "submitted_at": "2026-03-30T11:50:23.094Z",
    "reviewed_at": "2026-02-22T11:50:23.094Z"
  }
},
{
  "model": "core.auditlog",
  "pk": 241,
  "fields": {
    "user": [
      "jennifer.nguyen.6785"
    ],
    "action": "DELETE",
    "content_type": [
      "core",
      "document"
    ],
    "object_id": "1433a7e5-d5c6-4854-9665-d41a5246c551",
    "description": "Seven dog itself.",
    "ip_address": "172.21.194.133",
    "user_agent": "Mozilla/5.0 (Macintosh; Intel Mac OS X 10_12_3 rv:2.0; mai-IN) AppleWebKit/533.7.1 (KHTML, like Gecko) Version/4.0.2 Safari/533.7.1",
    "timestamp": "2026-03-30T11:50:23.099Z"
  }
},
{
  "model": "core.auditlog",
  "pk": 242,
  "fields": {
    "user": [
      "daniel.thompson.7933"
    ],
    "action": "VIEW",
    "content_type": [
      "core",
      "document"
    ],
    "object_id": "a9acd10a-ca09-4b5d-8fc4-77f25a17ea61",
    "description": "Break year reality pull.",
    "ip_address": "10.39.74.205",
    "user_agent": "Mozilla/5.0 (iPad; CPU iPad OS 1_1_5 like Mac OS X) AppleWebKit/534.0 (KHTML, like Gecko) FxiOS/14.9n3434.0 Mobile/33A627 Safari/534.0",
    "timestamp": "2026-03-30T11:50:23.103Z"
  }
},
{
  "model": "core.auditlog",
  "pk": 243,
  "fields": {
    "user": [
      "melissa.brown.7592"
    ],
    "action": "VIEW",
    "content_type": [
      "core",
      "document"
    ],
    "object_id": "5d160deb-8359-441b-8ffc-5b7d3e009419",
    "description": "Most stop prevent billion the far whatever.",
    "ip_address": "192.168.185.182",
    "user_agent": "Mozilla/5.0 (Macintosh; U; Intel Mac OS X 10_9_4) AppleWebKit/535.2 (KHTML, like Gecko) Chrome/22.0.864.0 Safari/535.2",
    "timestamp": "2026-03-30T11:50:23.106Z"
  }
},
{
  "model": "core.auditlog",
  "pk": 244,
  "fields": {
    "user": [
      "krystal.jones.7906"
    ],
    "action": "VIEW",
    "content_type": [
      "core",
      "document"
    ],
    "object_id": "c2567c4d-6c3e-47c7-9597-7d0a5d23e2c7",
    "description": "Computer ever believe last sister boy available.",
    "ip_address": "172.22.231.245",
    "user_agent": "Mozilla/5.0 (Windows NT 11.0; wae-CH; rv:1.9.2.20) Gecko/9585-05-20 12:46:15.152100 Firefox/3.8",
    "timestamp": "2026-03-30T11:50:23.108Z"
  }
},
{
  "model": "core.auditlog",
  "pk": 245,
  "fields": {
    "user": [
      "daniel.thompson.7933"
    ],
    "action": "UPDATE",
    "content_type": [
      "core",
      "document"
    ],
    "object_id": "b98957ba-44a2-4a3a-ac08-30f51fd8451d",
    "description": "Above she simply.",
    "ip_address": "192.168.202.134",
    "user_agent": "Mozilla/5.0 (Macintosh; U; PPC Mac OS X 10_10_5; rv:1.9.4.20) Gecko/2478-01-25 17:05:23.976593 Firefox/7.0",
    "timestamp": "2026-03-30T11:50:23.110Z"
  }
},
{
  "model": "core.auditlog",
  "pk": 246,
  "fields": {
    "user": [
      "tammy.barrett.8744"
    ],
    "action": "UPDATE",
    "content_type": [
      "core",
      "document"
    ],
    "object_id": "1433a7e5-d5c6-4854-9665-d41a5246c551",
    "description": "Name want quite sure road drive whom.",
    "ip_address": "10.110.219.40",
    "user_agent": "Mozilla/5.0 (Linux; Android 5.0) AppleWebKit/534.2 (KHTML, like Gecko) Chrome/13.0.858.0 Safari/534.2",
    "timestamp": "2026-03-30T11:50:23.112Z"
  }
},
{
  "model": "core.auditlog",
  "pk": 247,
  "fields": {
    "user": [
      "aaron.dorsey.7458"
    ],
    "action": "DELETE",
    "content_type": [
      "core",
      "document"
    ],
    "object_id": "d03edce0-3a4a-4062-b76b-8f59062f909d",
    "description": "Local pass exactly point stand.",
    "ip_address": "10.119.18.196",
    "user_agent": "Opera/9.34.(X11; Linux x86_64; ber-MA) Presto/2.9.169 Version/12.00",
    "timestamp": "2026-03-30T11:50:23.114Z"
  }
},
{
  "model": "core.auditlog",
  "pk": 248,
  "fields": {
    "user": [
      "aaron.dorsey.7458"
    ],
    "action": "UPDATE",
    "content_type": [
      "core",
      "document"
    ],
    "object_id": "c2567c4d-6c3e-47c7-9597-7d0a5d23e2c7",
    "description": "Book action class bit.",
    "ip_address": "192.168.128.76",
    "user_agent": "Mozilla/5.0 (Android 3.2; Mobile; rv:53.0) Gecko/53.0 Firefox/53.0",
    "timestamp": "2026-03-30T11:50:23.115Z"
  }
},
{
  "model": "core.auditlog",
  "pk": 249,
  "fields": {
    "user": [
      "daniel.lyons.5798"
    ],
    "action": "CREATE",
    "content_type": [
      "core",
      "document"
    ],
    "object_id": "a5aa6e99-1848-4b90-97fb-a624e5b9d5e1",
    "description": "Condition finish worry benefit camera product senior.",
    "ip_address": "192.168.241.224",
    "user_agent": "Mozilla/5.0 (compatible; MSIE 7.0; Windows NT 5.01; Trident/5.1)",
    "timestamp": "2026-03-30T11:50:23.117Z"
  }
},
{
  "model": "core.auditlog",
  "pk": 250,
  "fields": {
    "user": [
      "carmen.nelson.3126"
    ],
    "action": "DELETE",
    "content_type": [
      "core",
      "document"
    ],
    "object_id": "a33c6528-f205-4ebd-b353-94d6e3cf4ff0",
    "description": "Sell yes discover policy could north into.",
    "ip_address": "192.168.102.29",
    "user_agent": "Mozilla/5.0 (iPod; U; CPU iPhone OS 3_2 like Mac OS X; ff-SN) AppleWebKit/533.26.5 (KHTML, like Gecko) Version/4.0.5 Mobile/8B117 Safari/6533.26.5",
    "timestamp": "2026-03-30T11:50:23.118Z"
  }
},
{
  "model": "core.auditlog",
  "pk": 251,
  "fields": {
    "user": [
      "carmen.nelson.3126"
    ],
    "action": "DELETE",
    "content_type": [
      "core",
      "document"
    ],
    "object_id": "eb9e3b76-3cb0-41eb-b204-01c811b04b89",
    "description": "Cultural son forward edge choice upon.",
    "ip_address": "192.168.36.77",
    "user_agent": "Mozilla/5.0 (iPod; U; CPU iPhone OS 3_2 like Mac OS X; gu-IN) AppleWebKit/534.21.4 (KHTML, like Gecko) Version/3.0.5 Mobile/8B115 Safari/6534.21.4",
    "timestamp": "2026-03-30T11:50:23.120Z"
  }
},
{
  "model": "core.auditlog",
  "pk": 252,
  "fields": {
    "user": [
      "admin"
    ],
    "action": "VIEW",
    "content_type": [
      "core",
      "document"
    ],
    "object_id": "9305d4df-a4d1-4768-9a17-ffa129cf4725",
    "description": "Growth matter action rise.",
    "ip_address": "192.168.196.182",
    "user_agent": "Mozilla/5.0 (iPod; U; CPU iPhone OS 3_1 like Mac OS X; hr-HR) AppleWebKit/531.7.1 (KHTML, like Gecko) Version/3.0.5 Mobile/8B116 Safari/6531.7.1",
    "timestamp": "2026-03-30T11:50:23.122Z"
  }
},
{
  "model": "core.auditlog",
  "pk": 253,
  "fields": {
    "user": [
      "krystal.jones.7906"
    ],
    "action": "CREATE",
    "content_type": [
      "core",
      "document"
    ],
    "object_id": "a33c6528-f205-4ebd-b353-94d6e3cf4ff0",
    "description": "Discover most least.",
    "ip_address": "172.23.182.245",
    "user_agent": "Mozilla/5.0 (X11; Linux i686; rv:1.9.6.20) Gecko/9517-07-13 09:51:25.766663 Firefox/3.8",
    "timestamp": "2026-03-30T11:50:23.124Z"
  }
},
{
  "model": "core.auditlog",
  "pk": 254,
  "fields": {
    "user": [
      "christopher.allen.189"
    ],
    "action": "CREATE",
    "content_type": [
      "core",
      "document"
    ],
    "object_id": "46c1a13a-e5ca-40b5-a31a-3fa56a73b5f2",
    "description": "Argue difference purpose partner remember family positive.",
    "ip_address": "10.254.193.40",
    "user_agent": "Mozilla/5.0 (compatible; MSIE 8.0; Windows NT 10.0; Trident/3.1)",
    "timestamp": "2026-03-30T11:50:23.126Z"
  }
},
{
  "model": "core.auditlog",
  "pk": 255,
  "fields": {
    "user": [
      "erin.hinton.7557"
    ],
    "action": "CREATE",
    "content_type": [
      "core",
      "document"
    ],
    "object_id": "a5aa6e99-1848-4b90-97fb-a624e5b9d5e1",
    "description": "Situation whose accept son.",
    "ip_address": "172.17.196.130",
    "user_agent": "Opera/8.24.(Windows NT 6.1; st-ZA) Presto/2.9.160 Version/10.00",
    "timestamp": "2026-03-30T11:50:23.128Z"
  }
},
{
  "model": "core.auditlog",
  "pk": 256,
  "fields": {
    "user": [
      "amy.smith.9033"
    ],
    "action": "UPDATE",
    "content_type": [
      "core",
      "document"
    ],
    "object_id": "9305d4df-a4d1-4768-9a17-ffa129cf4725",
    "description": "Chance account system action everyone.",
    "ip_address": "172.25.245.193",
    "user_agent": "Opera/8.14.(Windows NT 10.0; eo-US) Presto/2.9.190 Version/10.00",
    "timestamp": "2026-03-30T11:50:23.130Z"
  }
},
{
  "model": "core.auditlog",
  "pk": 257,
  "fields": {
    "user": [
      "daniel.lyons.5798"
    ],
    "action": "VIEW",
    "content_type": [
      "core",
      "document"
    ],
    "object_id": "5d160deb-8359-441b-8ffc-5b7d3e009419",
    "description": "News town check door interview voice lead time.",
    "ip_address": "172.29.133.162",
    "user_agent": "Mozilla/5.0 (iPod; U; CPU iPhone OS 4_0 like Mac OS X; ak-GH) AppleWebKit/532.22.2 (KHTML, like Gecko) Version/4.0.5 Mobile/8B115 Safari/6532.22.2",
    "timestamp": "2026-03-30T11:50:23.132Z"
  }
},
{
  "model": "core.auditlog",
  "pk": 258,
  "fields": {
    "user": [
      "aaron.dorsey.7458"
    ],
    "action": "VIEW",
    "content_type": [
      "core",
      "document"
    ],
    "object_id": "1d8b021e-05b7-4851-bf65-cf1c407a2c8f",
    "description": "Able under government end another whom interesting.",
    "ip_address": "10.252.126.167",
    "user_agent": "Mozilla/5.0 (iPad; CPU iPad OS 17_1 like Mac OS X) AppleWebKit/531.2 (KHTML, like Gecko) FxiOS/14.0d5118.0 Mobile/16S388 Safari/531.2",
    "timestamp": "2026-03-30T11:50:23.135Z"
  }
},
{
  "model": "core.auditlog",
  "pk": 259,
  "fields": {
    "user": [
      "daniel.thompson.7933"
    ],
    "action": "VIEW",
    "content_type": [
      "core",
      "document"
    ],
    "object_id": "6349efff-eb5e-498a-8faa-dac441084caf",
    "description": "Approach good source bill he western.",
    "ip_address": "10.126.217.184",
    "user_agent": "Mozilla/5.0 (compatible; MSIE 8.0; Windows 98; Trident/3.1)",
    "timestamp": "2026-03-30T11:50:23.138Z"
  }
},
{
  "model": "core.auditlog",
  "pk": 260,
  "fields": {
    "user": [
      "christopher.allen.189"
    ],
    "action": "VIEW",
    "content_type": [
      "core",
      "document"
    ],
    "object_id": "6349efff-eb5e-498a-8faa-dac441084caf",
    "description": "Smile buy suggest born role.",
    "ip_address": "192.168.170.68",
    "user_agent": "Mozilla/5.0 (Linux; Android 4.1.1) AppleWebKit/536.1 (KHTML, like Gecko) Chrome/40.0.869.0 Safari/536.1",
    "timestamp": "2026-03-30T11:50:23.141Z"
  }
},
{
  "model": "core.documentview",
  "pk": 181,
  "fields": {
    "user": [
      "aaron.dorsey.7458"
    ],
    "document": "9305d4df-a4d1-4768-9a17-ffa129cf4725",
    "viewed_at": "2026-03-30T11:50:23.144Z",
    "ip_address": "10.68.166.20"
  }
},
{
  "model": "core.documentview",
  "pk": 182,
  "fields": {
    "user": [
      "amy.smith.9033"
    ],
    "document": "f5dfbc1b-88e2-4056-8667-8d3d49b2d843",
    "viewed_at": "2026-03-30T11:50:23.148Z",
    "ip_address": "10.16.138.146"
  }
},
{
  "model": "core.documentview",
  "pk": 183,
  "fields": {
    "user": [
      "melissa.brown.7592"
    ],
    "document": "bd1312c9-aee3-4913-9fef-1c95efdb27d9",
    "viewed_at": "2026-03-30T11:50:23.151Z",
    "ip_address": "172.29.0.183"
  }
},
{
  "model": "core.documentview",
  "pk": 184,
  "fields": {
    "user": [
      "carmen.nelson.3126"
    ],
    "document": "bd1312c9-aee3-4913-9fef-1c95efdb27d9",
    "viewed_at": "2026-03-30T11:50:23.154Z",
    "ip_address": "192.168.139.253"
  }
},
{
  "model": "core.documentview",
  "pk": 185,
  "fields": {
    "user": [
      "melissa.brown.7592"
    ],
    "document": "1d8b021e-05b7-4851-bf65-cf1c407a2c8f",
    "viewed_at": "2026-03-30T11:50:23.156Z",
    "ip_address": "172.22.194.225"
  }
},
{
  "model": "core.documentview",
  "pk": 186,
  "fields": {
    "user": [
      "admin"
    ],
    "document": "a33c6528-f205-4ebd-b353-94d6e3cf4ff0",
    "viewed_at": "2026-03-30T11:50:23.159Z",
    "ip_address": "10.190.185.205"
  }
},
{
  "model": "core.documentview",
  "pk": 187,
  "fields": {
    "user": [
      "christopher.allen.189"
    ],
    "document": "a33c6528-f205-4ebd-b353-94d6e3cf4ff0",
    "viewed_at": "2026-03-30T11:50:23.161Z",
    "ip_address": "10.130.108.205"
  }
},
{
  "model": "core.documentview",
  "pk": 188,
  "fields": {
    "user": [
      "admin"
    ],
    "document": "a33c6528-f205-4ebd-b353-94d6e3cf4ff0",
    "viewed_at": "2026-03-30T11:50:23.163Z",
    "ip_address": "192.168.152.160"
  }
},
{
  "model": "core.documentview",
  "pk": 189,
  "fields": {
    "user": [
      "aaron.dorsey.7458"
    ],
    "document": "5d160deb-8359-441b-8ffc-5b7d3e009419",
    "viewed_at": "2026-03-30T11:50:23.165Z",
    "ip_address": "192.168.71.157"
  }
},
{
  "model": "core.documentview",
  "pk": 190,
  "fields": {
    "user": [
      "krystal.jones.7906"
    ],
    "document": "d6611964-7d8f-4c2a-8232-423503f703bb",
    "viewed_at": "2026-03-30T11:50:23.166Z",
    "ip_address": "10.207.224.190"
  }
},
{
  "model": "core.documentview",
  "pk": 191,
  "fields": {
    "user": [
      "tammy.barrett.8744"
    ],
    "document": "a7ad20be-b2a4-4add-81e8-e14760477637",
    "viewed_at": "2026-03-30T11:50:23.167Z",
    "ip_address": "192.168.154.26"
  }
},
{
  "model": "core.documentview",
  "pk": 192,
  "fields": {
    "user": [
      "daniel.thompson.7933"
    ],
    "document": "f3d52fa3-407d-421c-bff4-c9ce13b2d436",
    "viewed_at": "2026-03-30T11:50:23.169Z",
    "ip_address": "10.207.111.37"
  }
},
{
  "model": "core.documentview",
  "pk": 193,
  "fields": {
    "user": [
      "daniel.lyons.5798"
    ],
    "document": "46c1a13a-e5ca-40b5-a31a-3fa56a73b5f2",
    "viewed_at": "2026-03-30T11:50:23.171Z",
    "ip_address": "10.4.111.177"
  }
},
{
  "model": "core.documentview",
  "pk": 194,
  "fields": {
    "user": [
      "melissa.brown.7592"
    ],
    "document": "d03edce0-3a4a-4062-b76b-8f59062f909d",
    "viewed_at": "2026-03-30T11:50:23.172Z",
    "ip_address": "192.168.79.189"
  }
},
{
  "model": "core.documentview",
  "pk": 195,
  "fields": {
    "user": [
      "daniel.thompson.7933"
    ],
    "document": "a7ad20be-b2a4-4add-81e8-e14760477637",
    "viewed_at": "2026-03-30T11:50:23.174Z",
    "ip_address": "172.16.254.26"
  }
}
]
